<?xml version="1.0" encoding="UTF-8" standalone="yes"?>
<fuzzySystem xmlns="http://www.ieee1855.org" name="New Knowledge Base - MAMDANI">
    <knowledgeBase>
        <fuzzyVariable name="Alcohol" scale="" domainleft="11.03" domainright="14.83" type="input">
            <fuzzyTerm name="very_low" complement="false">
                <trapezoidShape param1="11.03" param2="11.03" param3="11.853" param4="12.428"/>
            </fuzzyTerm>
            <fuzzyTerm name="low" complement="false">
                <triangularShape param1="11.853" param2="12.428" param3="12.813"/>
            </fuzzyTerm>
            <fuzzyTerm name="average_low" complement="false">
                <triangularShape param1="12.428" param2="12.813" param3="13.307"/>
            </fuzzyTerm>
            <fuzzyTerm name="average_high" complement="false">
                <triangularShape param1="12.813" param2="13.307" param3="13.681"/>
            </fuzzyTerm>
            <fuzzyTerm name="high" complement="false">
                <triangularShape param1="13.307" param2="13.681" param3="14.215"/>
            </fuzzyTerm>
            <fuzzyTerm name="very_high" complement="false">
                <trapezoidShape param1="13.681" param2="14.215" param3="14.83" param4="14.83"/>
            </fuzzyTerm>
        </fuzzyVariable>
        <fuzzyVariable name="MalicAcid" scale="" domainleft="0.74" domainright="5.8" type="input">
            <fuzzyTerm name="very_low" complement="false">
                <trapezoidShape param1="0.74" param2="0.74" param3="1.159" param4="1.767"/>
            </fuzzyTerm>
            <fuzzyTerm name="low" complement="false">
                <triangularShape param1="1.159" param2="1.767" param3="2.694"/>
            </fuzzyTerm>
            <fuzzyTerm name="average_low" complement="false">
                <triangularShape param1="1.767" param2="2.694" param3="3.562"/>
            </fuzzyTerm>
            <fuzzyTerm name="average_high" complement="false">
                <triangularShape param1="2.694" param2="3.562" param3="4.295"/>
            </fuzzyTerm>
            <fuzzyTerm name="high" complement="false">
                <triangularShape param1="3.562" param2="4.295" param3="5.438"/>
            </fuzzyTerm>
            <fuzzyTerm name="very_high" complement="false">
                <trapezoidShape param1="4.295" param2="5.438" param3="5.8" param4="5.8"/>
            </fuzzyTerm>
        </fuzzyVariable>
        <fuzzyVariable name="Ash" scale="" domainleft="1.36" domainright="3.23" type="input">
            <fuzzyTerm name="very_low" complement="false">
                <trapezoidShape param1="1.36" param2="1.36" param3="1.36" param4="2.161"/>
            </fuzzyTerm>
            <fuzzyTerm name="low" complement="false">
                <triangularShape param1="1.36" param2="2.161" param3="2.277"/>
            </fuzzyTerm>
            <fuzzyTerm name="average_low" complement="false">
                <triangularShape param1="2.161" param2="2.277" param3="2.367"/>
            </fuzzyTerm>
            <fuzzyTerm name="average_high" complement="false">
                <triangularShape param1="2.277" param2="2.367" param3="2.526"/>
            </fuzzyTerm>
            <fuzzyTerm name="high" complement="false">
                <triangularShape param1="2.367" param2="2.526" param3="2.755"/>
            </fuzzyTerm>
            <fuzzyTerm name="very_high" complement="false">
                <trapezoidShape param1="2.526" param2="2.755" param3="3.23" param4="3.23"/>
            </fuzzyTerm>
        </fuzzyVariable>
        <fuzzyVariable name="AlcalinityOfAsh" scale="" domainleft="10.6" domainright="30.0" type="input">
            <fuzzyTerm name="very_low" complement="false">
                <trapezoidShape param1="10.6" param2="10.6" param3="10.6" param4="16.319"/>
            </fuzzyTerm>
            <fuzzyTerm name="low" complement="false">
                <triangularShape param1="10.6" param2="16.319" param3="17.979"/>
            </fuzzyTerm>
            <fuzzyTerm name="average_low" complement="false">
                <triangularShape param1="16.319" param2="17.979" param3="19.017"/>
            </fuzzyTerm>
            <fuzzyTerm name="average_high" complement="false">
                <triangularShape param1="17.979" param2="19.017" param3="21.494"/>
            </fuzzyTerm>
            <fuzzyTerm name="high" complement="false">
                <triangularShape param1="19.017" param2="21.494" param3="30.0"/>
            </fuzzyTerm>
            <fuzzyTerm name="very_high" complement="false">
                <trapezoidShape param1="21.494" param2="30.0" param3="30.0" param4="30.0"/>
            </fuzzyTerm>
        </fuzzyVariable>
        <fuzzyVariable name="Magnesium" scale="" domainleft="70.0" domainright="162.0" type="input">
            <fuzzyTerm name="very_low" complement="false">
                <trapezoidShape param1="70.0" param2="70.0" param3="82.729" param4="88.041"/>
            </fuzzyTerm>
            <fuzzyTerm name="low" complement="false">
                <triangularShape param1="82.729" param2="88.041" param3="95.794"/>
            </fuzzyTerm>
            <fuzzyTerm name="average_low" complement="false">
                <triangularShape param1="88.041" param2="95.794" param3="103.0"/>
            </fuzzyTerm>
            <fuzzyTerm name="average_high" complement="false">
                <triangularShape param1="95.794" param2="103.0" param3="112.084"/>
            </fuzzyTerm>
            <fuzzyTerm name="high" complement="false">
                <triangularShape param1="103.0" param2="112.084" param3="162.0"/>
            </fuzzyTerm>
            <fuzzyTerm name="very_high" complement="false">
                <trapezoidShape param1="112.084" param2="162.0" param3="162.0" param4="162.0"/>
            </fuzzyTerm>
        </fuzzyVariable>
        <fuzzyVariable name="TotalPhenols" scale="" domainleft="0.98" domainright="3.88" type="input">
            <fuzzyTerm name="very_low" complement="false">
                <trapezoidShape param1="0.98" param2="0.98" param3="1.352" param4="1.691"/>
            </fuzzyTerm>
            <fuzzyTerm name="low" complement="false">
                <triangularShape param1="1.352" param2="1.691" param3="2.065"/>
            </fuzzyTerm>
            <fuzzyTerm name="average_low" complement="false">
                <triangularShape param1="1.691" param2="2.065" param3="2.587"/>
            </fuzzyTerm>
            <fuzzyTerm name="average_high" complement="false">
                <triangularShape param1="2.065" param2="2.587" param3="3.021"/>
            </fuzzyTerm>
            <fuzzyTerm name="high" complement="false">
                <triangularShape param1="2.587" param2="3.021" param3="3.626"/>
            </fuzzyTerm>
            <fuzzyTerm name="very_high" complement="false">
                <trapezoidShape param1="3.021" param2="3.626" param3="3.88" param4="3.88"/>
            </fuzzyTerm>
        </fuzzyVariable>
        <fuzzyVariable name="flavanoids" scale="" domainleft="0.34" domainright="5.08" type="input">
            <fuzzyTerm name="very_low" complement="false">
                <trapezoidShape param1="0.34" param2="0.34" param3="0.625" param4="1.312"/>
            </fuzzyTerm>
            <fuzzyTerm name="low" complement="false">
                <triangularShape param1="0.625" param2="1.312" param3="1.844"/>
            </fuzzyTerm>
            <fuzzyTerm name="average_low" complement="false">
                <triangularShape param1="1.312" param2="1.844" param3="2.523"/>
            </fuzzyTerm>
            <fuzzyTerm name="average_high" complement="false">
                <triangularShape param1="1.844" param2="2.523" param3="2.882"/>
            </fuzzyTerm>
            <fuzzyTerm name="high" complement="false">
                <triangularShape param1="2.523" param2="2.882" param3="3.418"/>
            </fuzzyTerm>
            <fuzzyTerm name="very_high" complement="false">
                <trapezoidShape param1="2.882" param2="3.418" param3="5.08" param4="5.08"/>
            </fuzzyTerm>
        </fuzzyVariable>
        <fuzzyVariable name="NonflavanoidsPhenols" scale="" domainleft="0.13" domainright="0.66" type="input">
            <fuzzyTerm name="very_low" complement="false">
                <trapezoidShape param1="0.13" param2="0.13" param3="0.168" param4="0.248"/>
            </fuzzyTerm>
            <fuzzyTerm name="low" complement="false">
                <triangularShape param1="0.168" param2="0.248" param3="0.321"/>
            </fuzzyTerm>
            <fuzzyTerm name="average_low" complement="false">
                <triangularShape param1="0.248" param2="0.321" param3="0.422"/>
            </fuzzyTerm>
            <fuzzyTerm name="average_high" complement="false">
                <triangularShape param1="0.321" param2="0.422" param3="0.519"/>
            </fuzzyTerm>
            <fuzzyTerm name="high" complement="false">
                <triangularShape param1="0.422" param2="0.519" param3="0.611"/>
            </fuzzyTerm>
            <fuzzyTerm name="very_high" complement="false">
                <trapezoidShape param1="0.519" param2="0.611" param3="0.66" param4="0.66"/>
            </fuzzyTerm>
        </fuzzyVariable>
        <fuzzyVariable name="Proanthocyanins" scale="" domainleft="0.41" domainright="3.58" type="input">
            <fuzzyTerm name="very_low" complement="false">
                <trapezoidShape param1="0.41" param2="0.41" param3="0.878" param4="1.345"/>
            </fuzzyTerm>
            <fuzzyTerm name="low" complement="false">
                <triangularShape param1="0.878" param2="1.345" param3="1.546"/>
            </fuzzyTerm>
            <fuzzyTerm name="average_low" complement="false">
                <triangularShape param1="1.345" param2="1.546" param3="1.878"/>
            </fuzzyTerm>
            <fuzzyTerm name="average_high" complement="false">
                <triangularShape param1="1.546" param2="1.878" param3="2.281"/>
            </fuzzyTerm>
            <fuzzyTerm name="high" complement="false">
                <triangularShape param1="1.878" param2="2.281" param3="3.58"/>
            </fuzzyTerm>
            <fuzzyTerm name="very_high" complement="false">
                <trapezoidShape param1="2.281" param2="3.58" param3="3.58" param4="3.58"/>
            </fuzzyTerm>
        </fuzzyVariable>
        <fuzzyVariable name="ColorIntensity" scale="" domainleft="1.28" domainright="13.0" type="input">
            <fuzzyTerm name="very_low" complement="false">
                <trapezoidShape param1="1.28" param2="1.28" param3="2.61" param4="4.063"/>
            </fuzzyTerm>
            <fuzzyTerm name="low" complement="false">
                <triangularShape param1="2.61" param2="4.063" param3="5.531"/>
            </fuzzyTerm>
            <fuzzyTerm name="average_low" complement="false">
                <triangularShape param1="4.063" param2="5.531" param3="7.681"/>
            </fuzzyTerm>
            <fuzzyTerm name="average_high" complement="false">
                <triangularShape param1="5.531" param2="7.681" param3="9.838"/>
            </fuzzyTerm>
            <fuzzyTerm name="high" complement="false">
                <triangularShape param1="7.681" param2="9.838" param3="12.375"/>
            </fuzzyTerm>
            <fuzzyTerm name="very_high" complement="false">
                <trapezoidShape param1="9.838" param2="12.375" param3="13.0" param4="13.0"/>
            </fuzzyTerm>
        </fuzzyVariable>
        <fuzzyVariable name="Hue" scale="" domainleft="0.48" domainright="1.71" type="input">
            <fuzzyTerm name="very_low" complement="false">
                <trapezoidShape param1="0.48" param2="0.48" param3="0.551" param4="0.753"/>
            </fuzzyTerm>
            <fuzzyTerm name="low" complement="false">
                <triangularShape param1="0.551" param2="0.753" param3="0.906"/>
            </fuzzyTerm>
            <fuzzyTerm name="average_low" complement="false">
                <triangularShape param1="0.753" param2="0.906" param3="1.042"/>
            </fuzzyTerm>
            <fuzzyTerm name="average_high" complement="false">
                <triangularShape param1="0.906" param2="1.042" param3="1.12"/>
            </fuzzyTerm>
            <fuzzyTerm name="high" complement="false">
                <triangularShape param1="1.042" param2="1.12" param3="1.289"/>
            </fuzzyTerm>
            <fuzzyTerm name="very_high" complement="false">
                <trapezoidShape param1="1.12" param2="1.289" param3="1.71" param4="1.71"/>
            </fuzzyTerm>
        </fuzzyVariable>
        <fuzzyVariable name="OD280/OD315" scale="" domainleft="1.27" domainright="4.0" type="input">
            <fuzzyTerm name="very_low" complement="false">
                <trapezoidShape param1="1.27" param2="1.27" param3="1.459" param4="1.779"/>
            </fuzzyTerm>
            <fuzzyTerm name="low" complement="false">
                <triangularShape param1="1.459" param2="1.779" param3="2.318"/>
            </fuzzyTerm>
            <fuzzyTerm name="average_low" complement="false">
                <triangularShape param1="1.779" param2="2.318" param3="2.848"/>
            </fuzzyTerm>
            <fuzzyTerm name="average_high" complement="false">
                <triangularShape param1="2.318" param2="2.848" param3="3.23"/>
            </fuzzyTerm>
            <fuzzyTerm name="high" complement="false">
                <triangularShape param1="2.848" param2="3.23" param3="3.624"/>
            </fuzzyTerm>
            <fuzzyTerm name="very_high" complement="false">
                <trapezoidShape param1="3.23" param2="3.624" param3="4.0" param4="4.0"/>
            </fuzzyTerm>
        </fuzzyVariable>
        <fuzzyVariable name="Proline" scale="" domainleft="278.0" domainright="1680.0" type="input">
            <fuzzyTerm name="very_low" complement="false">
                <trapezoidShape param1="278.0" param2="278.0" param3="433.54" param4="641.372"/>
            </fuzzyTerm>
            <fuzzyTerm name="low" complement="false">
                <triangularShape param1="433.54" param2="641.372" param3="819.04"/>
            </fuzzyTerm>
            <fuzzyTerm name="average_low" complement="false">
                <triangularShape param1="641.372" param2="819.04" param3="1050.571"/>
            </fuzzyTerm>
            <fuzzyTerm name="average_high" complement="false">
                <triangularShape param1="819.04" param2="1050.571" param3="1270.0"/>
            </fuzzyTerm>
            <fuzzyTerm name="high" complement="false">
                <triangularShape param1="1050.571" param2="1270.0" param3="1546.4"/>
            </fuzzyTerm>
            <fuzzyTerm name="very_high" complement="false">
                <trapezoidShape param1="1270.0" param2="1546.4" param3="1680.0" param4="1680.0"/>
            </fuzzyTerm>
        </fuzzyVariable>
        <fuzzyVariable name="Class" scale="" domainleft="1.0" domainright="3.0" type="output" accumulation="MAX" defuzzifier="MOM" defaultValue="1.0">
            <fuzzyTerm name="1.0" complement="false">
                <singletonShape param1="1.0"/>
            </fuzzyTerm>
            <fuzzyTerm name="2.0" complement="false">
                <singletonShape param1="2.0"/>
            </fuzzyTerm>
            <fuzzyTerm name="3.0" complement="false">
                <singletonShape param1="3.0"/>
            </fuzzyTerm>
        </fuzzyVariable>
    </knowledgeBase>
    <mamdaniRuleBase name="rulebase-New Knowledge Base" activationMethod="MIN" andMethod="MIN" orMethod="MAX">
        <rule name="rule1" andMethod="min" connector="and" weight="1.0">
            <antecedent>
                <clause>
                    <variable>flavanoids</variable>
                    <term>very_low</term>
                </clause>
                <clause>
                    <variable>ColorIntensity</variable>
                    <term>very_low</term>
                </clause>
            </antecedent>
            <consequent>
                <then>
                    <clause>
                        <variable>Class</variable>
                        <term>2.0</term>
                    </clause>
                </then>
            </consequent>
        </rule>
        <rule name="rule2" andMethod="min" connector="and" weight="1.0">
            <antecedent>
                <clause>
                    <variable>flavanoids</variable>
                    <term>very_low</term>
                </clause>
                <clause>
                    <variable>ColorIntensity</variable>
                    <term>low</term>
                </clause>
            </antecedent>
            <consequent>
                <then>
                    <clause>
                        <variable>Class</variable>
                        <term>3.0</term>
                    </clause>
                </then>
            </consequent>
        </rule>
        <rule name="rule3" andMethod="min" connector="and" weight="1.0">
            <antecedent>
                <clause>
                    <variable>flavanoids</variable>
                    <term>very_low</term>
                </clause>
                <clause>
                    <variable>ColorIntensity</variable>
                    <term>average_low</term>
                </clause>
            </antecedent>
            <consequent>
                <then>
                    <clause>
                        <variable>Class</variable>
                        <term>3.0</term>
                    </clause>
                </then>
            </consequent>
        </rule>
        <rule name="rule4" andMethod="min" connector="and" weight="1.0">
            <antecedent>
                <clause>
                    <variable>flavanoids</variable>
                    <term>very_low</term>
                </clause>
                <clause>
                    <variable>ColorIntensity</variable>
                    <term>average_high</term>
                </clause>
            </antecedent>
            <consequent>
                <then>
                    <clause>
                        <variable>Class</variable>
                        <term>3.0</term>
                    </clause>
                </then>
            </consequent>
        </rule>
        <rule name="rule5" andMethod="min" connector="and" weight="1.0">
            <antecedent>
                <clause>
                    <variable>flavanoids</variable>
                    <term>very_low</term>
                </clause>
                <clause>
                    <variable>ColorIntensity</variable>
                    <term>high</term>
                </clause>
            </antecedent>
            <consequent>
                <then>
                    <clause>
                        <variable>Class</variable>
                        <term>3.0</term>
                    </clause>
                </then>
            </consequent>
        </rule>
        <rule name="rule6" andMethod="min" connector="and" weight="1.0">
            <antecedent>
                <clause>
                    <variable>flavanoids</variable>
                    <term>very_low</term>
                </clause>
                <clause>
                    <variable>ColorIntensity</variable>
                    <term>very_high</term>
                </clause>
            </antecedent>
            <consequent>
                <then>
                    <clause>
                        <variable>Class</variable>
                        <term>3.0</term>
                    </clause>
                </then>
            </consequent>
        </rule>
        <rule name="rule7" andMethod="min" connector="and" weight="1.0">
            <antecedent>
                <clause>
                    <variable>flavanoids</variable>
                    <term>low</term>
                </clause>
                <clause>
                    <variable>ColorIntensity</variable>
                    <term>very_low</term>
                </clause>
            </antecedent>
            <consequent>
                <then>
                    <clause>
                        <variable>Class</variable>
                        <term>2.0</term>
                    </clause>
                </then>
            </consequent>
        </rule>
        <rule name="rule8" andMethod="min" connector="and" weight="1.0">
            <antecedent>
                <clause>
                    <variable>flavanoids</variable>
                    <term>low</term>
                </clause>
                <clause>
                    <variable>NonflavanoidsPhenols</variable>
                    <term>very_low</term>
                </clause>
                <clause>
                    <variable>ColorIntensity</variable>
                    <term>low</term>
                </clause>
            </antecedent>
            <consequent>
                <then>
                    <clause>
                        <variable>Class</variable>
                        <term>3.0</term>
                    </clause>
                </then>
            </consequent>
        </rule>
        <rule name="rule9" andMethod="min" connector="and" weight="1.0">
            <antecedent>
                <clause>
                    <variable>flavanoids</variable>
                    <term>low</term>
                </clause>
                <clause>
                    <variable>NonflavanoidsPhenols</variable>
                    <term>low</term>
                </clause>
                <clause>
                    <variable>ColorIntensity</variable>
                    <term>low</term>
                </clause>
            </antecedent>
            <consequent>
                <then>
                    <clause>
                        <variable>Class</variable>
                        <term>3.0</term>
                    </clause>
                </then>
            </consequent>
        </rule>
        <rule name="rule10" andMethod="min" connector="and" weight="1.0">
            <antecedent>
                <clause>
                    <variable>flavanoids</variable>
                    <term>low</term>
                </clause>
                <clause>
                    <variable>NonflavanoidsPhenols</variable>
                    <term>average_low</term>
                </clause>
                <clause>
                    <variable>ColorIntensity</variable>
                    <term>low</term>
                </clause>
            </antecedent>
            <consequent>
                <then>
                    <clause>
                        <variable>Class</variable>
                        <term>2.0</term>
                    </clause>
                </then>
            </consequent>
        </rule>
        <rule name="rule11" andMethod="min" connector="and" weight="1.0">
            <antecedent>
                <clause>
                    <variable>flavanoids</variable>
                    <term>low</term>
                </clause>
                <clause>
                    <variable>NonflavanoidsPhenols</variable>
                    <term>average_high</term>
                </clause>
                <clause>
                    <variable>ColorIntensity</variable>
                    <term>low</term>
                </clause>
            </antecedent>
            <consequent>
                <then>
                    <clause>
                        <variable>Class</variable>
                        <term>2.0</term>
                    </clause>
                </then>
            </consequent>
        </rule>
        <rule name="rule12" andMethod="min" connector="and" weight="1.0">
            <antecedent>
                <clause>
                    <variable>flavanoids</variable>
                    <term>low</term>
                </clause>
                <clause>
                    <variable>NonflavanoidsPhenols</variable>
                    <term>high</term>
                </clause>
                <clause>
                    <variable>ColorIntensity</variable>
                    <term>low</term>
                </clause>
            </antecedent>
            <consequent>
                <then>
                    <clause>
                        <variable>Class</variable>
                        <term>2.0</term>
                    </clause>
                </then>
            </consequent>
        </rule>
        <rule name="rule13" andMethod="min" connector="and" weight="1.0">
            <antecedent>
                <clause>
                    <variable>flavanoids</variable>
                    <term>low</term>
                </clause>
                <clause>
                    <variable>NonflavanoidsPhenols</variable>
                    <term>very_high</term>
                </clause>
                <clause>
                    <variable>ColorIntensity</variable>
                    <term>low</term>
                </clause>
            </antecedent>
            <consequent>
                <then>
                    <clause>
                        <variable>Class</variable>
                        <term>2.0</term>
                    </clause>
                </then>
            </consequent>
        </rule>
        <rule name="rule14" andMethod="min" connector="and" weight="1.0">
            <antecedent>
                <clause>
                    <variable>flavanoids</variable>
                    <term>low</term>
                </clause>
                <clause>
                    <variable>NonflavanoidsPhenols</variable>
                    <term>low</term>
                </clause>
                <clause>
                    <variable>ColorIntensity</variable>
                    <term>average_low</term>
                </clause>
            </antecedent>
            <consequent>
                <then>
                    <clause>
                        <variable>Class</variable>
                        <term>3.0</term>
                    </clause>
                </then>
            </consequent>
        </rule>
        <rule name="rule15" andMethod="min" connector="and" weight="1.0">
            <antecedent>
                <clause>
                    <variable>flavanoids</variable>
                    <term>low</term>
                </clause>
                <clause>
                    <variable>NonflavanoidsPhenols</variable>
                    <term>average_low</term>
                </clause>
                <clause>
                    <variable>ColorIntensity</variable>
                    <term>average_low</term>
                </clause>
            </antecedent>
            <consequent>
                <then>
                    <clause>
                        <variable>Class</variable>
                        <term>3.0</term>
                    </clause>
                </then>
            </consequent>
        </rule>
        <rule name="rule16" andMethod="min" connector="and" weight="1.0">
            <antecedent>
                <clause>
                    <variable>flavanoids</variable>
                    <term>low</term>
                </clause>
                <clause>
                    <variable>NonflavanoidsPhenols</variable>
                    <term>high</term>
                </clause>
                <clause>
                    <variable>ColorIntensity</variable>
                    <term>average_low</term>
                </clause>
            </antecedent>
            <consequent>
                <then>
                    <clause>
                        <variable>Class</variable>
                        <term>2.0</term>
                    </clause>
                </then>
            </consequent>
        </rule>
        <rule name="rule17" andMethod="min" connector="and" weight="1.0">
            <antecedent>
                <clause>
                    <variable>flavanoids</variable>
                    <term>low</term>
                </clause>
                <clause>
                    <variable>NonflavanoidsPhenols</variable>
                    <term>very_high</term>
                </clause>
                <clause>
                    <variable>ColorIntensity</variable>
                    <term>average_low</term>
                </clause>
            </antecedent>
            <consequent>
                <then>
                    <clause>
                        <variable>Class</variable>
                        <term>2.0</term>
                    </clause>
                </then>
            </consequent>
        </rule>
        <rule name="rule18" andMethod="min" connector="and" weight="1.0">
            <antecedent>
                <clause>
                    <variable>flavanoids</variable>
                    <term>low</term>
                </clause>
                <clause>
                    <variable>ColorIntensity</variable>
                    <term>average_high</term>
                </clause>
            </antecedent>
            <consequent>
                <then>
                    <clause>
                        <variable>Class</variable>
                        <term>3.0</term>
                    </clause>
                </then>
            </consequent>
        </rule>
        <rule name="rule19" andMethod="min" connector="and" weight="1.0">
            <antecedent>
                <clause>
                    <variable>flavanoids</variable>
                    <term>low</term>
                </clause>
                <clause>
                    <variable>ColorIntensity</variable>
                    <term>high</term>
                </clause>
            </antecedent>
            <consequent>
                <then>
                    <clause>
                        <variable>Class</variable>
                        <term>3.0</term>
                    </clause>
                </then>
            </consequent>
        </rule>
        <rule name="rule20" andMethod="min" connector="and" weight="1.0">
            <antecedent>
                <clause>
                    <variable>flavanoids</variable>
                    <term>low</term>
                </clause>
                <clause>
                    <variable>ColorIntensity</variable>
                    <term>very_high</term>
                </clause>
            </antecedent>
            <consequent>
                <then>
                    <clause>
                        <variable>Class</variable>
                        <term>3.0</term>
                    </clause>
                </then>
            </consequent>
        </rule>
        <rule name="rule21" andMethod="min" connector="and" weight="1.0">
            <antecedent>
                <clause>
                    <variable>flavanoids</variable>
                    <term>average_low</term>
                </clause>
            </antecedent>
            <consequent>
                <then>
                    <clause>
                        <variable>Class</variable>
                        <term>2.0</term>
                    </clause>
                </then>
            </consequent>
        </rule>
        <rule name="rule22" andMethod="min" connector="and" weight="1.0">
            <antecedent>
                <clause>
                    <variable>Alcohol</variable>
                    <term>very_low</term>
                </clause>
                <clause>
                    <variable>flavanoids</variable>
                    <term>average_high</term>
                </clause>
            </antecedent>
            <consequent>
                <then>
                    <clause>
                        <variable>Class</variable>
                        <term>2.0</term>
                    </clause>
                </then>
            </consequent>
        </rule>
        <rule name="rule23" andMethod="min" connector="and" weight="1.0">
            <antecedent>
                <clause>
                    <variable>Alcohol</variable>
                    <term>low</term>
                </clause>
                <clause>
                    <variable>flavanoids</variable>
                    <term>average_high</term>
                </clause>
            </antecedent>
            <consequent>
                <then>
                    <clause>
                        <variable>Class</variable>
                        <term>2.0</term>
                    </clause>
                </then>
            </consequent>
        </rule>
        <rule name="rule24" andMethod="min" connector="and" weight="1.0">
            <antecedent>
                <clause>
                    <variable>Alcohol</variable>
                    <term>average_low</term>
                </clause>
                <clause>
                    <variable>Ash</variable>
                    <term>very_low</term>
                </clause>
                <clause>
                    <variable>flavanoids</variable>
                    <term>average_high</term>
                </clause>
            </antecedent>
            <consequent>
                <then>
                    <clause>
                        <variable>Class</variable>
                        <term>2.0</term>
                    </clause>
                </then>
            </consequent>
        </rule>
        <rule name="rule25" andMethod="min" connector="and" weight="1.0">
            <antecedent>
                <clause>
                    <variable>Alcohol</variable>
                    <term>average_low</term>
                </clause>
                <clause>
                    <variable>Ash</variable>
                    <term>low</term>
                </clause>
                <clause>
                    <variable>flavanoids</variable>
                    <term>average_high</term>
                </clause>
            </antecedent>
            <consequent>
                <then>
                    <clause>
                        <variable>Class</variable>
                        <term>2.0</term>
                    </clause>
                </then>
            </consequent>
        </rule>
        <rule name="rule26" andMethod="min" connector="and" weight="1.0">
            <antecedent>
                <clause>
                    <variable>Alcohol</variable>
                    <term>average_low</term>
                </clause>
                <clause>
                    <variable>Ash</variable>
                    <term>average_low</term>
                </clause>
                <clause>
                    <variable>flavanoids</variable>
                    <term>average_high</term>
                </clause>
            </antecedent>
            <consequent>
                <then>
                    <clause>
                        <variable>Class</variable>
                        <term>2.0</term>
                    </clause>
                </then>
            </consequent>
        </rule>
        <rule name="rule27" andMethod="min" connector="and" weight="1.0">
            <antecedent>
                <clause>
                    <variable>Alcohol</variable>
                    <term>average_low</term>
                </clause>
                <clause>
                    <variable>Ash</variable>
                    <term>average_high</term>
                </clause>
                <clause>
                    <variable>flavanoids</variable>
                    <term>average_high</term>
                </clause>
            </antecedent>
            <consequent>
                <then>
                    <clause>
                        <variable>Class</variable>
                        <term>2.0</term>
                    </clause>
                </then>
            </consequent>
        </rule>
        <rule name="rule28" andMethod="min" connector="and" weight="1.0">
            <antecedent>
                <clause>
                    <variable>Alcohol</variable>
                    <term>average_low</term>
                </clause>
                <clause>
                    <variable>Ash</variable>
                    <term>high</term>
                </clause>
                <clause>
                    <variable>flavanoids</variable>
                    <term>average_high</term>
                </clause>
            </antecedent>
            <consequent>
                <then>
                    <clause>
                        <variable>Class</variable>
                        <term>1.0</term>
                    </clause>
                </then>
            </consequent>
        </rule>
        <rule name="rule29" andMethod="min" connector="and" weight="1.0">
            <antecedent>
                <clause>
                    <variable>Alcohol</variable>
                    <term>average_low</term>
                </clause>
                <clause>
                    <variable>Ash</variable>
                    <term>very_high</term>
                </clause>
                <clause>
                    <variable>flavanoids</variable>
                    <term>average_high</term>
                </clause>
            </antecedent>
            <consequent>
                <then>
                    <clause>
                        <variable>Class</variable>
                        <term>1.0</term>
                    </clause>
                </then>
            </consequent>
        </rule>
        <rule name="rule30" andMethod="min" connector="and" weight="1.0">
            <antecedent>
                <clause>
                    <variable>Alcohol</variable>
                    <term>average_high</term>
                </clause>
                <clause>
                    <variable>flavanoids</variable>
                    <term>average_high</term>
                </clause>
            </antecedent>
            <consequent>
                <then>
                    <clause>
                        <variable>Class</variable>
                        <term>1.0</term>
                    </clause>
                </then>
            </consequent>
        </rule>
        <rule name="rule31" andMethod="min" connector="and" weight="1.0">
            <antecedent>
                <clause>
                    <variable>Alcohol</variable>
                    <term>high</term>
                </clause>
                <clause>
                    <variable>flavanoids</variable>
                    <term>average_high</term>
                </clause>
            </antecedent>
            <consequent>
                <then>
                    <clause>
                        <variable>Class</variable>
                        <term>1.0</term>
                    </clause>
                </then>
            </consequent>
        </rule>
        <rule name="rule32" andMethod="min" connector="and" weight="1.0">
            <antecedent>
                <clause>
                    <variable>Alcohol</variable>
                    <term>very_high</term>
                </clause>
                <clause>
                    <variable>flavanoids</variable>
                    <term>average_high</term>
                </clause>
            </antecedent>
            <consequent>
                <then>
                    <clause>
                        <variable>Class</variable>
                        <term>1.0</term>
                    </clause>
                </then>
            </consequent>
        </rule>
        <rule name="rule33" andMethod="min" connector="and" weight="1.0">
            <antecedent>
                <clause>
                    <variable>flavanoids</variable>
                    <term>high</term>
                </clause>
                <clause>
                    <variable>Proline</variable>
                    <term>very_low</term>
                </clause>
            </antecedent>
            <consequent>
                <then>
                    <clause>
                        <variable>Class</variable>
                        <term>2.0</term>
                    </clause>
                </then>
            </consequent>
        </rule>
        <rule name="rule34" andMethod="min" connector="and" weight="1.0">
            <antecedent>
                <clause>
                    <variable>flavanoids</variable>
                    <term>high</term>
                </clause>
                <clause>
                    <variable>Proline</variable>
                    <term>low</term>
                </clause>
            </antecedent>
            <consequent>
                <then>
                    <clause>
                        <variable>Class</variable>
                        <term>2.0</term>
                    </clause>
                </then>
            </consequent>
        </rule>
        <rule name="rule35" andMethod="min" connector="and" weight="1.0">
            <antecedent>
                <clause>
                    <variable>flavanoids</variable>
                    <term>high</term>
                </clause>
                <clause>
                    <variable>Proline</variable>
                    <term>average_low</term>
                </clause>
            </antecedent>
            <consequent>
                <then>
                    <clause>
                        <variable>Class</variable>
                        <term>1.0</term>
                    </clause>
                </then>
            </consequent>
        </rule>
        <rule name="rule36" andMethod="min" connector="and" weight="1.0">
            <antecedent>
                <clause>
                    <variable>AlcalinityOfAsh</variable>
                    <term>very_low</term>
                </clause>
                <clause>
                    <variable>flavanoids</variable>
                    <term>high</term>
                </clause>
                <clause>
                    <variable>Proline</variable>
                    <term>average_high</term>
                </clause>
            </antecedent>
            <consequent>
                <then>
                    <clause>
                        <variable>Class</variable>
                        <term>1.0</term>
                    </clause>
                </then>
            </consequent>
        </rule>
        <rule name="rule37" andMethod="min" connector="and" weight="1.0">
            <antecedent>
                <clause>
                    <variable>AlcalinityOfAsh</variable>
                    <term>low</term>
                </clause>
                <clause>
                    <variable>flavanoids</variable>
                    <term>high</term>
                </clause>
                <clause>
                    <variable>Proline</variable>
                    <term>average_high</term>
                </clause>
            </antecedent>
            <consequent>
                <then>
                    <clause>
                        <variable>Class</variable>
                        <term>1.0</term>
                    </clause>
                </then>
            </consequent>
        </rule>
        <rule name="rule38" andMethod="min" connector="and" weight="1.0">
            <antecedent>
                <clause>
                    <variable>AlcalinityOfAsh</variable>
                    <term>average_low</term>
                </clause>
                <clause>
                    <variable>flavanoids</variable>
                    <term>high</term>
                </clause>
                <clause>
                    <variable>Proline</variable>
                    <term>average_high</term>
                </clause>
            </antecedent>
            <consequent>
                <then>
                    <clause>
                        <variable>Class</variable>
                        <term>1.0</term>
                    </clause>
                </then>
            </consequent>
        </rule>
        <rule name="rule39" andMethod="min" connector="and" weight="1.0">
            <antecedent>
                <clause>
                    <variable>AlcalinityOfAsh</variable>
                    <term>average_high</term>
                </clause>
                <clause>
                    <variable>flavanoids</variable>
                    <term>high</term>
                </clause>
                <clause>
                    <variable>Proline</variable>
                    <term>average_high</term>
                </clause>
            </antecedent>
            <consequent>
                <then>
                    <clause>
                        <variable>Class</variable>
                        <term>1.0</term>
                    </clause>
                </then>
            </consequent>
        </rule>
        <rule name="rule40" andMethod="min" connector="and" weight="1.0">
            <antecedent>
                <clause>
                    <variable>AlcalinityOfAsh</variable>
                    <term>high</term>
                </clause>
                <clause>
                    <variable>flavanoids</variable>
                    <term>high</term>
                </clause>
                <clause>
                    <variable>Proline</variable>
                    <term>average_high</term>
                </clause>
            </antecedent>
            <consequent>
                <then>
                    <clause>
                        <variable>Class</variable>
                        <term>1.0</term>
                    </clause>
                </then>
            </consequent>
        </rule>
        <rule name="rule41" andMethod="min" connector="and" weight="1.0">
            <antecedent>
                <clause>
                    <variable>AlcalinityOfAsh</variable>
                    <term>very_high</term>
                </clause>
                <clause>
                    <variable>flavanoids</variable>
                    <term>high</term>
                </clause>
                <clause>
                    <variable>Proline</variable>
                    <term>average_high</term>
                </clause>
            </antecedent>
            <consequent>
                <then>
                    <clause>
                        <variable>Class</variable>
                        <term>2.0</term>
                    </clause>
                </then>
            </consequent>
        </rule>
        <rule name="rule42" andMethod="min" connector="and" weight="1.0">
            <antecedent>
                <clause>
                    <variable>flavanoids</variable>
                    <term>high</term>
                </clause>
                <clause>
                    <variable>Proline</variable>
                    <term>high</term>
                </clause>
            </antecedent>
            <consequent>
                <then>
                    <clause>
                        <variable>Class</variable>
                        <term>1.0</term>
                    </clause>
                </then>
            </consequent>
        </rule>
        <rule name="rule43" andMethod="min" connector="and" weight="1.0">
            <antecedent>
                <clause>
                    <variable>flavanoids</variable>
                    <term>high</term>
                </clause>
                <clause>
                    <variable>Proline</variable>
                    <term>very_high</term>
                </clause>
            </antecedent>
            <consequent>
                <then>
                    <clause>
                        <variable>Class</variable>
                        <term>1.0</term>
                    </clause>
                </then>
            </consequent>
        </rule>
        <rule name="rule44" andMethod="min" connector="and" weight="1.0">
            <antecedent>
                <clause>
                    <variable>flavanoids</variable>
                    <term>very_high</term>
                </clause>
                <clause>
                    <variable>Proline</variable>
                    <term>very_low</term>
                </clause>
            </antecedent>
            <consequent>
                <then>
                    <clause>
                        <variable>Class</variable>
                        <term>2.0</term>
                    </clause>
                </then>
            </consequent>
        </rule>
        <rule name="rule45" andMethod="min" connector="and" weight="1.0">
            <antecedent>
                <clause>
                    <variable>flavanoids</variable>
                    <term>very_high</term>
                </clause>
                <clause>
                    <variable>Proline</variable>
                    <term>low</term>
                </clause>
            </antecedent>
            <consequent>
                <then>
                    <clause>
                        <variable>Class</variable>
                        <term>2.0</term>
                    </clause>
                </then>
            </consequent>
        </rule>
        <rule name="rule46" andMethod="min" connector="and" weight="1.0">
            <antecedent>
                <clause>
                    <variable>flavanoids</variable>
                    <term>very_high</term>
                </clause>
                <clause>
                    <variable>Proline</variable>
                    <term>average_low</term>
                </clause>
            </antecedent>
            <consequent>
                <then>
                    <clause>
                        <variable>Class</variable>
                        <term>1.0</term>
                    </clause>
                </then>
            </consequent>
        </rule>
        <rule name="rule47" andMethod="min" connector="and" weight="1.0">
            <antecedent>
                <clause>
                    <variable>flavanoids</variable>
                    <term>very_high</term>
                </clause>
                <clause>
                    <variable>Proline</variable>
                    <term>average_high</term>
                </clause>
            </antecedent>
            <consequent>
                <then>
                    <clause>
                        <variable>Class</variable>
                        <term>1.0</term>
                    </clause>
                </then>
            </consequent>
        </rule>
        <rule name="rule48" andMethod="min" connector="and" weight="1.0">
            <antecedent>
                <clause>
                    <variable>flavanoids</variable>
                    <term>very_high</term>
                </clause>
                <clause>
                    <variable>Proline</variable>
                    <term>high</term>
                </clause>
            </antecedent>
            <consequent>
                <then>
                    <clause>
                        <variable>Class</variable>
                        <term>1.0</term>
                    </clause>
                </then>
            </consequent>
        </rule>
        <rule name="rule49" andMethod="min" connector="and" weight="1.0">
            <antecedent>
                <clause>
                    <variable>flavanoids</variable>
                    <term>very_high</term>
                </clause>
                <clause>
                    <variable>Proline</variable>
                    <term>very_high</term>
                </clause>
            </antecedent>
            <consequent>
                <then>
                    <clause>
                        <variable>Class</variable>
                        <term>1.0</term>
                    </clause>
                </then>
            </consequent>
        </rule>
    </mamdaniRuleBase>
</fuzzySystem>
