<?xml version="1.0" encoding="UTF-8" standalone="yes"?>
<fuzzySystem xmlns="http://www.ieee1855.org" name="New Knowledge Base - MAMDANI">
    <knowledgeBase>
        <fuzzyVariable name="Alcohol" scale="" domainleft="11.03" domainright="14.83" type="input">
            <fuzzyTerm name="very low OR low" complement="false">
                <trapezoidShape param1="11.03" param2="11.03" param3="12.428" param4="12.813"/>
            </fuzzyTerm>
            <fuzzyTerm name="average low" complement="false">
                <triangularShape param1="12.428" param2="12.813" param3="13.307"/>
            </fuzzyTerm>
            <fuzzyTerm name="average high OR high OR very high" complement="false">
                <trapezoidShape param1="12.813" param2="13.307" param3="14.83" param4="14.83"/>
            </fuzzyTerm>
        </fuzzyVariable>
        <fuzzyVariable name="Ash" scale="" domainleft="1.36" domainright="3.23" type="input">
            <fuzzyTerm name="very low OR low OR average low OR average high" complement="false">
                <trapezoidShape param1="1.36" param2="1.36" param3="2.367" param4="2.526"/>
            </fuzzyTerm>
            <fuzzyTerm name="high OR very high" complement="false">
                <trapezoidShape param1="2.367" param2="2.526" param3="3.23" param4="3.23"/>
            </fuzzyTerm>
        </fuzzyVariable>
        <fuzzyVariable name="AlcalinityOfAsh" scale="" domainleft="10.6" domainright="30.0" type="input">
            <fuzzyTerm name="more or less (more or less (more or less (more or less (high))))" complement="false">
                <trapezoidShape param1="10.6" param2="10.6" param3="21.494" param4="30.0"/>
            </fuzzyTerm>
            <fuzzyTerm name="very high" complement="false">
                <trapezoidShape param1="21.494" param2="30.0" param3="30.0" param4="30.0"/>
            </fuzzyTerm>
        </fuzzyVariable>
        <fuzzyVariable name="flavanoids" scale="" domainleft="0.34" domainright="5.08" type="input">
            <fuzzyTerm name="very low" complement="false">
                <trapezoidShape param1="0.34" param2="0.34" param3="0.625" param4="1.312"/>
            </fuzzyTerm>
            <fuzzyTerm name="low" complement="false">
                <triangularShape param1="0.625" param2="1.312" param3="1.844"/>
            </fuzzyTerm>
            <fuzzyTerm name="average low" complement="false">
                <triangularShape param1="1.312" param2="1.844" param3="2.523"/>
            </fuzzyTerm>
            <fuzzyTerm name="average high" complement="false">
                <triangularShape param1="1.844" param2="2.523" param3="2.882"/>
            </fuzzyTerm>
            <fuzzyTerm name="high" complement="false">
                <triangularShape param1="2.523" param2="2.882" param3="3.418"/>
            </fuzzyTerm>
            <fuzzyTerm name="very high" complement="false">
                <trapezoidShape param1="2.882" param2="3.418" param3="5.08" param4="5.08"/>
            </fuzzyTerm>
            <fuzzyTerm name="(very low) OR (low)" complement="false">
                <trapezoidShape param1="0.34" param2="0.34" param3="1.312" param4="1.844"/>
            </fuzzyTerm>
            <fuzzyTerm name="(high) OR (very high)" complement="false">
                <trapezoidShape param1="2.523" param2="2.882" param3="5.08" param4="5.08"/>
            </fuzzyTerm>
        </fuzzyVariable>
        <fuzzyVariable name="NonflavanoidsPhenols" scale="" domainleft="0.13" domainright="0.66" type="input">
            <fuzzyTerm name="very low OR low" complement="false">
                <trapezoidShape param1="0.13" param2="0.13" param3="0.248" param4="0.321"/>
            </fuzzyTerm>
            <fuzzyTerm name="more or less (average low)" complement="false">
                <triangularShape param1="0.248" param2="0.321" param3="0.519"/>
            </fuzzyTerm>
            <fuzzyTerm name="more or less (high OR very high)" complement="false">
                <trapezoidShape param1="0.321" param2="0.519" param3="0.66" param4="0.66"/>
            </fuzzyTerm>
        </fuzzyVariable>
        <fuzzyVariable name="ColorIntensity" scale="" domainleft="1.28" domainright="13.0" type="input">
            <fuzzyTerm name="very low" complement="false">
                <trapezoidShape param1="1.28" param2="1.28" param3="2.61" param4="4.063"/>
            </fuzzyTerm>
            <fuzzyTerm name="low" complement="false">
                <triangularShape param1="2.61" param2="4.063" param3="5.531"/>
            </fuzzyTerm>
            <fuzzyTerm name="average low" complement="false">
                <triangularShape param1="4.063" param2="5.531" param3="7.681"/>
            </fuzzyTerm>
            <fuzzyTerm name="average high OR high OR very high" complement="false">
                <trapezoidShape param1="5.531" param2="7.681" param3="13.0" param4="13.0"/>
            </fuzzyTerm>
            <fuzzyTerm name="NOT(very low)" complement="false">
                <trapezoidShape param1="2.61" param2="4.063" param3="13.0" param4="13.0"/>
            </fuzzyTerm>
            <fuzzyTerm name="(low) OR (average low)" complement="false">
                <trapezoidShape param1="2.61" param2="4.063" param3="5.531" param4="7.681"/>
            </fuzzyTerm>
        </fuzzyVariable>
        <fuzzyVariable name="Proline" scale="" domainleft="278.0" domainright="1680.0" type="input">
            <fuzzyTerm name="very low OR low" complement="false">
                <trapezoidShape param1="278.0" param2="278.0" param3="641.372" param4="819.04"/>
            </fuzzyTerm>
            <fuzzyTerm name="average low" complement="false">
                <triangularShape param1="641.372" param2="819.04" param3="1050.571"/>
            </fuzzyTerm>
            <fuzzyTerm name="average high" complement="false">
                <triangularShape param1="819.04" param2="1050.571" param3="1270.0"/>
            </fuzzyTerm>
            <fuzzyTerm name="high OR very high" complement="false">
                <trapezoidShape param1="1050.571" param2="1270.0" param3="1680.0" param4="1680.0"/>
            </fuzzyTerm>
        </fuzzyVariable>
        <fuzzyVariable name="Class" scale="" domainleft="1.0" domainright="3.0" type="output" accumulation="MAX" defuzzifier="MOM" defaultValue="1.0">
            <fuzzyTerm name="1.0" complement="false">
                <singletonShape param1="1.0"/>
            </fuzzyTerm>
            <fuzzyTerm name="2.0" complement="false">
                <singletonShape param1="2.0"/>
            </fuzzyTerm>
            <fuzzyTerm name="3.0" complement="false">
                <singletonShape param1="3.0"/>
            </fuzzyTerm>
        </fuzzyVariable>
    </knowledgeBase>
    <mamdaniRuleBase name="rulebase-New Knowledge Base" activationMethod="MIN" andMethod="MIN" orMethod="MAX">
        <rule name="rule1" andMethod="min" connector="and" weight="1.0">
            <antecedent>
                <clause>
                    <variable>flavanoids</variable>
                    <term>(very low) OR (low)</term>
                </clause>
                <clause>
                    <variable>ColorIntensity</variable>
                    <term>very low</term>
                </clause>
            </antecedent>
            <consequent>
                <then>
                    <clause>
                        <variable>Class</variable>
                        <term>2.0</term>
                    </clause>
                </then>
            </consequent>
        </rule>
        <rule name="rule2" andMethod="min" connector="and" weight="1.0">
            <antecedent>
                <clause>
                    <variable>flavanoids</variable>
                    <term>low</term>
                </clause>
                <clause>
                    <variable>NonflavanoidsPhenols</variable>
                    <term>more or less (high OR very high)</term>
                </clause>
                <clause>
                    <variable>ColorIntensity</variable>
                    <term>average low</term>
                </clause>
            </antecedent>
            <consequent>
                <then>
                    <clause>
                        <variable>Class</variable>
                        <term>2.0</term>
                    </clause>
                </then>
            </consequent>
        </rule>
        <rule name="rule3" andMethod="min" connector="and" weight="1.0">
            <antecedent>
                <clause>
                    <variable>flavanoids</variable>
                    <term>average low</term>
                </clause>
            </antecedent>
            <consequent>
                <then>
                    <clause>
                        <variable>Class</variable>
                        <term>2.0</term>
                    </clause>
                </then>
            </consequent>
        </rule>
        <rule name="rule4" andMethod="min" connector="and" weight="1.0">
            <antecedent>
                <clause>
                    <variable>Alcohol</variable>
                    <term>very low OR low</term>
                </clause>
                <clause>
                    <variable>flavanoids</variable>
                    <term>average high</term>
                </clause>
            </antecedent>
            <consequent>
                <then>
                    <clause>
                        <variable>Class</variable>
                        <term>2.0</term>
                    </clause>
                </then>
            </consequent>
        </rule>
        <rule name="rule5" andMethod="min" connector="and" weight="1.0">
            <antecedent>
                <clause>
                    <variable>Alcohol</variable>
                    <term>average low</term>
                </clause>
                <clause>
                    <variable>Ash</variable>
                    <term>very low OR low OR average low OR average high</term>
                </clause>
                <clause>
                    <variable>flavanoids</variable>
                    <term>average high</term>
                </clause>
            </antecedent>
            <consequent>
                <then>
                    <clause>
                        <variable>Class</variable>
                        <term>2.0</term>
                    </clause>
                </then>
            </consequent>
        </rule>
        <rule name="rule6" andMethod="min" connector="and" weight="1.0">
            <antecedent>
                <clause>
                    <variable>flavanoids</variable>
                    <term>(high) OR (very high)</term>
                </clause>
                <clause>
                    <variable>Proline</variable>
                    <term>very low OR low</term>
                </clause>
            </antecedent>
            <consequent>
                <then>
                    <clause>
                        <variable>Class</variable>
                        <term>2.0</term>
                    </clause>
                </then>
            </consequent>
        </rule>
        <rule name="rule7" andMethod="min" connector="and" weight="1.0">
            <antecedent>
                <clause>
                    <variable>AlcalinityOfAsh</variable>
                    <term>very high</term>
                </clause>
                <clause>
                    <variable>flavanoids</variable>
                    <term>high</term>
                </clause>
                <clause>
                    <variable>Proline</variable>
                    <term>average high</term>
                </clause>
            </antecedent>
            <consequent>
                <then>
                    <clause>
                        <variable>Class</variable>
                        <term>2.0</term>
                    </clause>
                </then>
            </consequent>
        </rule>
        <rule name="rule8" andMethod="min" connector="and" weight="1.0">
            <antecedent>
                <clause>
                    <variable>flavanoids</variable>
                    <term>very low</term>
                </clause>
                <clause>
                    <variable>ColorIntensity</variable>
                    <term>NOT(very low)</term>
                </clause>
            </antecedent>
            <consequent>
                <then>
                    <clause>
                        <variable>Class</variable>
                        <term>3.0</term>
                    </clause>
                </then>
            </consequent>
        </rule>
        <rule name="rule9" andMethod="min" connector="and" weight="1.0">
            <antecedent>
                <clause>
                    <variable>flavanoids</variable>
                    <term>low</term>
                </clause>
                <clause>
                    <variable>NonflavanoidsPhenols</variable>
                    <term>very low OR low</term>
                </clause>
                <clause>
                    <variable>ColorIntensity</variable>
                    <term>(low) OR (average low)</term>
                </clause>
            </antecedent>
            <consequent>
                <then>
                    <clause>
                        <variable>Class</variable>
                        <term>3.0</term>
                    </clause>
                </then>
            </consequent>
        </rule>
        <rule name="rule10" andMethod="min" connector="and" weight="1.0">
            <antecedent>
                <clause>
                    <variable>flavanoids</variable>
                    <term>low</term>
                </clause>
                <clause>
                    <variable>ColorIntensity</variable>
                    <term>average high OR high OR very high</term>
                </clause>
            </antecedent>
            <consequent>
                <then>
                    <clause>
                        <variable>Class</variable>
                        <term>3.0</term>
                    </clause>
                </then>
            </consequent>
        </rule>
        <rule name="rule11" andMethod="min" connector="and" weight="1.0">
            <antecedent>
                <clause>
                    <variable>Alcohol</variable>
                    <term>average low</term>
                </clause>
                <clause>
                    <variable>Ash</variable>
                    <term>high OR very high</term>
                </clause>
                <clause>
                    <variable>flavanoids</variable>
                    <term>average high</term>
                </clause>
            </antecedent>
            <consequent>
                <then>
                    <clause>
                        <variable>Class</variable>
                        <term>1.0</term>
                    </clause>
                </then>
            </consequent>
        </rule>
        <rule name="rule12" andMethod="min" connector="and" weight="1.0">
            <antecedent>
                <clause>
                    <variable>Alcohol</variable>
                    <term>average high OR high OR very high</term>
                </clause>
                <clause>
                    <variable>flavanoids</variable>
                    <term>average high</term>
                </clause>
            </antecedent>
            <consequent>
                <then>
                    <clause>
                        <variable>Class</variable>
                        <term>1.0</term>
                    </clause>
                </then>
            </consequent>
        </rule>
        <rule name="rule13" andMethod="min" connector="and" weight="1.0">
            <antecedent>
                <clause>
                    <variable>flavanoids</variable>
                    <term>(high) OR (very high)</term>
                </clause>
                <clause>
                    <variable>Proline</variable>
                    <term>average low</term>
                </clause>
            </antecedent>
            <consequent>
                <then>
                    <clause>
                        <variable>Class</variable>
                        <term>1.0</term>
                    </clause>
                </then>
            </consequent>
        </rule>
        <rule name="rule14" andMethod="min" connector="and" weight="1.0">
            <antecedent>
                <clause>
                    <variable>AlcalinityOfAsh</variable>
                    <term>more or less (more or less (more or less (more or less (high))))</term>
                </clause>
                <clause>
                    <variable>flavanoids</variable>
                    <term>high</term>
                </clause>
                <clause>
                    <variable>Proline</variable>
                    <term>average high</term>
                </clause>
            </antecedent>
            <consequent>
                <then>
                    <clause>
                        <variable>Class</variable>
                        <term>1.0</term>
                    </clause>
                </then>
            </consequent>
        </rule>
        <rule name="rule15" andMethod="min" connector="and" weight="1.0">
            <antecedent>
                <clause>
                    <variable>flavanoids</variable>
                    <term>(high) OR (very high)</term>
                </clause>
                <clause>
                    <variable>Proline</variable>
                    <term>high OR very high</term>
                </clause>
            </antecedent>
            <consequent>
                <then>
                    <clause>
                        <variable>Class</variable>
                        <term>1.0</term>
                    </clause>
                </then>
            </consequent>
        </rule>
    </mamdaniRuleBase>
</fuzzySystem>
