<?xml version="1.0" encoding="UTF-8" standalone="yes"?>
<fuzzySystem xmlns="http://www.ieee1855.org" name="New Knowledge Base - MAMDANI">
    <knowledgeBase>
        <fuzzyVariable name="Alcohol" scale="" domainleft="11.03" domainright="14.83" type="input">
            <fuzzyTerm name="very_low" complement="false">
                <trapezoidShape param1="11.03" param2="11.03" param3="11.647" param4="12.244"/>
            </fuzzyTerm>
            <fuzzyTerm name="low" complement="false">
                <triangularShape param1="11.647" param2="12.244" param3="12.822"/>
            </fuzzyTerm>
            <fuzzyTerm name="average_low" complement="false">
                <triangularShape param1="12.244" param2="12.822" param3="13.398"/>
            </fuzzyTerm>
            <fuzzyTerm name="average_high" complement="false">
                <triangularShape param1="12.822" param2="13.398" param3="13.755"/>
            </fuzzyTerm>
            <fuzzyTerm name="high" complement="false">
                <triangularShape param1="13.398" param2="13.755" param3="14.307"/>
            </fuzzyTerm>
            <fuzzyTerm name="very_high" complement="false">
                <trapezoidShape param1="13.755" param2="14.307" param3="14.83" param4="14.83"/>
            </fuzzyTerm>
        </fuzzyVariable>
        <fuzzyVariable name="MalicAcid" scale="" domainleft="0.74" domainright="5.8" type="input">
            <fuzzyTerm name="very_low" complement="false">
                <trapezoidShape param1="0.74" param2="0.74" param3="1.158" param4="1.761"/>
            </fuzzyTerm>
            <fuzzyTerm name="low" complement="false">
                <triangularShape param1="1.158" param2="1.761" param3="2.732"/>
            </fuzzyTerm>
            <fuzzyTerm name="average_low" complement="false">
                <triangularShape param1="1.761" param2="2.732" param3="3.722"/>
            </fuzzyTerm>
            <fuzzyTerm name="average_high" complement="false">
                <triangularShape param1="2.732" param2="3.722" param3="4.574"/>
            </fuzzyTerm>
            <fuzzyTerm name="high" complement="false">
                <triangularShape param1="3.722" param2="4.574" param3="5.538"/>
            </fuzzyTerm>
            <fuzzyTerm name="very_high" complement="false">
                <trapezoidShape param1="4.574" param2="5.538" param3="5.8" param4="5.8"/>
            </fuzzyTerm>
        </fuzzyVariable>
        <fuzzyVariable name="Ash" scale="" domainleft="1.36" domainright="3.23" type="input">
            <fuzzyTerm name="very_low" complement="false">
                <trapezoidShape param1="1.36" param2="1.36" param3="1.36" param4="2.117"/>
            </fuzzyTerm>
            <fuzzyTerm name="low" complement="false">
                <triangularShape param1="1.36" param2="2.117" param3="2.279"/>
            </fuzzyTerm>
            <fuzzyTerm name="average_low" complement="false">
                <triangularShape param1="2.117" param2="2.279" param3="2.356"/>
            </fuzzyTerm>
            <fuzzyTerm name="average_high" complement="false">
                <triangularShape param1="2.279" param2="2.356" param3="2.464"/>
            </fuzzyTerm>
            <fuzzyTerm name="high" complement="false">
                <triangularShape param1="2.356" param2="2.464" param3="2.744"/>
            </fuzzyTerm>
            <fuzzyTerm name="very_high" complement="false">
                <trapezoidShape param1="2.464" param2="2.744" param3="3.23" param4="3.23"/>
            </fuzzyTerm>
        </fuzzyVariable>
        <fuzzyVariable name="AlcalinityOfAsh" scale="" domainleft="10.6" domainright="30.0" type="input">
            <fuzzyTerm name="very_low" complement="false">
                <trapezoidShape param1="10.6" param2="10.6" param3="15.126" param4="18.097"/>
            </fuzzyTerm>
            <fuzzyTerm name="low" complement="false">
                <triangularShape param1="15.126" param2="18.097" param3="19.01"/>
            </fuzzyTerm>
            <fuzzyTerm name="average_low" complement="false">
                <triangularShape param1="18.097" param2="19.01" param3="20.083"/>
            </fuzzyTerm>
            <fuzzyTerm name="average_high" complement="false">
                <triangularShape param1="19.01" param2="20.083" param3="22.241"/>
            </fuzzyTerm>
            <fuzzyTerm name="high" complement="false">
                <triangularShape param1="20.083" param2="22.241" param3="30.0"/>
            </fuzzyTerm>
            <fuzzyTerm name="very_high" complement="false">
                <trapezoidShape param1="22.241" param2="30.0" param3="30.0" param4="30.0"/>
            </fuzzyTerm>
        </fuzzyVariable>
        <fuzzyVariable name="Magnesium" scale="" domainleft="70.0" domainright="162.0" type="input">
            <fuzzyTerm name="very_low" complement="false">
                <trapezoidShape param1="70.0" param2="70.0" param3="83.835" param4="89.275"/>
            </fuzzyTerm>
            <fuzzyTerm name="low" complement="false">
                <triangularShape param1="83.835" param2="89.275" param3="95.747"/>
            </fuzzyTerm>
            <fuzzyTerm name="average_low" complement="false">
                <triangularShape param1="89.275" param2="95.747" param3="100.966"/>
            </fuzzyTerm>
            <fuzzyTerm name="average_high" complement="false">
                <triangularShape param1="95.747" param2="100.966" param3="111.496"/>
            </fuzzyTerm>
            <fuzzyTerm name="high" complement="false">
                <triangularShape param1="100.966" param2="111.496" param3="162.0"/>
            </fuzzyTerm>
            <fuzzyTerm name="very_high" complement="false">
                <trapezoidShape param1="111.496" param2="162.0" param3="162.0" param4="162.0"/>
            </fuzzyTerm>
        </fuzzyVariable>
        <fuzzyVariable name="TotalPhenols" scale="" domainleft="0.98" domainright="3.88" type="input">
            <fuzzyTerm name="very_low" complement="false">
                <trapezoidShape param1="0.98" param2="0.98" param3="1.402" param4="1.79"/>
            </fuzzyTerm>
            <fuzzyTerm name="low" complement="false">
                <triangularShape param1="1.402" param2="1.79" param3="2.167"/>
            </fuzzyTerm>
            <fuzzyTerm name="average_low" complement="false">
                <triangularShape param1="1.79" param2="2.167" param3="2.6"/>
            </fuzzyTerm>
            <fuzzyTerm name="average_high" complement="false">
                <triangularShape param1="2.167" param2="2.6" param3="2.906"/>
            </fuzzyTerm>
            <fuzzyTerm name="high" complement="false">
                <triangularShape param1="2.6" param2="2.906" param3="3.37"/>
            </fuzzyTerm>
            <fuzzyTerm name="very_high" complement="false">
                <trapezoidShape param1="2.906" param2="3.37" param3="3.88" param4="3.88"/>
            </fuzzyTerm>
        </fuzzyVariable>
        <fuzzyVariable name="flavanoids" scale="" domainleft="0.34" domainright="5.08" type="input">
            <fuzzyTerm name="very_low" complement="false">
                <trapezoidShape param1="0.34" param2="0.34" param3="0.675" param4="1.453"/>
            </fuzzyTerm>
            <fuzzyTerm name="low" complement="false">
                <triangularShape param1="0.675" param2="1.453" param3="2.151"/>
            </fuzzyTerm>
            <fuzzyTerm name="average_low" complement="false">
                <triangularShape param1="1.453" param2="2.151" param3="2.778"/>
            </fuzzyTerm>
            <fuzzyTerm name="average_high" complement="false">
                <triangularShape param1="2.151" param2="2.778" param3="3.365"/>
            </fuzzyTerm>
            <fuzzyTerm name="high" complement="false">
                <triangularShape param1="2.778" param2="3.365" param3="5.08"/>
            </fuzzyTerm>
            <fuzzyTerm name="very_high" complement="false">
                <trapezoidShape param1="3.365" param2="5.08" param3="5.08" param4="5.08"/>
            </fuzzyTerm>
        </fuzzyVariable>
        <fuzzyVariable name="NonflavanoidsPhenols" scale="" domainleft="0.13" domainright="0.66" type="input">
            <fuzzyTerm name="very_low" complement="false">
                <trapezoidShape param1="0.13" param2="0.13" param3="0.17" param4="0.249"/>
            </fuzzyTerm>
            <fuzzyTerm name="low" complement="false">
                <triangularShape param1="0.17" param2="0.249" param3="0.312"/>
            </fuzzyTerm>
            <fuzzyTerm name="average_low" complement="false">
                <triangularShape param1="0.249" param2="0.312" param3="0.408"/>
            </fuzzyTerm>
            <fuzzyTerm name="average_high" complement="false">
                <triangularShape param1="0.312" param2="0.408" param3="0.505"/>
            </fuzzyTerm>
            <fuzzyTerm name="high" complement="false">
                <triangularShape param1="0.408" param2="0.505" param3="0.608"/>
            </fuzzyTerm>
            <fuzzyTerm name="very_high" complement="false">
                <trapezoidShape param1="0.505" param2="0.608" param3="0.66" param4="0.66"/>
            </fuzzyTerm>
        </fuzzyVariable>
        <fuzzyVariable name="Proanthocyanins" scale="" domainleft="0.41" domainright="3.58" type="input">
            <fuzzyTerm name="very_low" complement="false">
                <trapezoidShape param1="0.41" param2="0.41" param3="0.417" param4="1.063"/>
            </fuzzyTerm>
            <fuzzyTerm name="low" complement="false">
                <triangularShape param1="0.417" param2="1.063" param3="1.364"/>
            </fuzzyTerm>
            <fuzzyTerm name="average_low" complement="false">
                <triangularShape param1="1.063" param2="1.364" param3="1.599"/>
            </fuzzyTerm>
            <fuzzyTerm name="average_high" complement="false">
                <triangularShape param1="1.364" param2="1.599" param3="2.074"/>
            </fuzzyTerm>
            <fuzzyTerm name="high" complement="false">
                <triangularShape param1="1.599" param2="2.074" param3="3.58"/>
            </fuzzyTerm>
            <fuzzyTerm name="very_high" complement="false">
                <trapezoidShape param1="2.074" param2="3.58" param3="3.58" param4="3.58"/>
            </fuzzyTerm>
        </fuzzyVariable>
        <fuzzyVariable name="ColorIntensity" scale="" domainleft="1.28" domainright="13.0" type="input">
            <fuzzyTerm name="very_low" complement="false">
                <trapezoidShape param1="1.28" param2="1.28" param3="2.534" param4="3.96"/>
            </fuzzyTerm>
            <fuzzyTerm name="low" complement="false">
                <triangularShape param1="2.534" param2="3.96" param3="5.518"/>
            </fuzzyTerm>
            <fuzzyTerm name="average_low" complement="false">
                <triangularShape param1="3.96" param2="5.518" param3="7.533"/>
            </fuzzyTerm>
            <fuzzyTerm name="average_high" complement="false">
                <triangularShape param1="5.518" param2="7.533" param3="9.877"/>
            </fuzzyTerm>
            <fuzzyTerm name="high" complement="false">
                <triangularShape param1="7.533" param2="9.877" param3="12.375"/>
            </fuzzyTerm>
            <fuzzyTerm name="very_high" complement="false">
                <trapezoidShape param1="9.877" param2="12.375" param3="13.0" param4="13.0"/>
            </fuzzyTerm>
        </fuzzyVariable>
        <fuzzyVariable name="Hue" scale="" domainleft="0.48" domainright="1.71" type="input">
            <fuzzyTerm name="very_low" complement="false">
                <trapezoidShape param1="0.48" param2="0.48" param3="0.553" param4="0.797"/>
            </fuzzyTerm>
            <fuzzyTerm name="low" complement="false">
                <triangularShape param1="0.553" param2="0.797" param3="0.945"/>
            </fuzzyTerm>
            <fuzzyTerm name="average_low" complement="false">
                <triangularShape param1="0.797" param2="0.945" param3="1.045"/>
            </fuzzyTerm>
            <fuzzyTerm name="average_high" complement="false">
                <triangularShape param1="0.945" param2="1.045" param3="1.122"/>
            </fuzzyTerm>
            <fuzzyTerm name="high" complement="false">
                <triangularShape param1="1.045" param2="1.122" param3="1.288"/>
            </fuzzyTerm>
            <fuzzyTerm name="very_high" complement="false">
                <trapezoidShape param1="1.122" param2="1.288" param3="1.71" param4="1.71"/>
            </fuzzyTerm>
        </fuzzyVariable>
        <fuzzyVariable name="OD280/OD315" scale="" domainleft="1.27" domainright="4.0" type="input">
            <fuzzyTerm name="very_low" complement="false">
                <trapezoidShape param1="1.27" param2="1.27" param3="1.448" param4="1.821"/>
            </fuzzyTerm>
            <fuzzyTerm name="low" complement="false">
                <triangularShape param1="1.448" param2="1.821" param3="2.339"/>
            </fuzzyTerm>
            <fuzzyTerm name="average_low" complement="false">
                <triangularShape param1="1.821" param2="2.339" param3="2.84"/>
            </fuzzyTerm>
            <fuzzyTerm name="average_high" complement="false">
                <triangularShape param1="2.339" param2="2.84" param3="3.231"/>
            </fuzzyTerm>
            <fuzzyTerm name="high" complement="false">
                <triangularShape param1="2.84" param2="3.231" param3="3.611"/>
            </fuzzyTerm>
            <fuzzyTerm name="very_high" complement="false">
                <trapezoidShape param1="3.231" param2="3.611" param3="4.0" param4="4.0"/>
            </fuzzyTerm>
        </fuzzyVariable>
        <fuzzyVariable name="Proline" scale="" domainleft="278.0" domainright="1680.0" type="input">
            <fuzzyTerm name="very_low" complement="false">
                <trapezoidShape param1="278.0" param2="278.0" param3="414.605" param4="597.958"/>
            </fuzzyTerm>
            <fuzzyTerm name="low" complement="false">
                <triangularShape param1="414.605" param2="597.958" param3="791.548"/>
            </fuzzyTerm>
            <fuzzyTerm name="average_low" complement="false">
                <triangularShape param1="597.958" param2="791.548" param3="1052.261"/>
            </fuzzyTerm>
            <fuzzyTerm name="average_high" complement="false">
                <triangularShape param1="791.548" param2="1052.261" param3="1282.857"/>
            </fuzzyTerm>
            <fuzzyTerm name="high" complement="false">
                <triangularShape param1="1052.261" param2="1282.857" param3="1530.333"/>
            </fuzzyTerm>
            <fuzzyTerm name="very_high" complement="false">
                <trapezoidShape param1="1282.857" param2="1530.333" param3="1680.0" param4="1680.0"/>
            </fuzzyTerm>
        </fuzzyVariable>
        <fuzzyVariable name="Class" scale="" domainleft="1.0" domainright="3.0" type="output" accumulation="MAX" defuzzifier="MOM" defaultValue="1.0">
            <fuzzyTerm name="1.0" complement="false">
                <singletonShape param1="1.0"/>
            </fuzzyTerm>
            <fuzzyTerm name="2.0" complement="false">
                <singletonShape param1="2.0"/>
            </fuzzyTerm>
            <fuzzyTerm name="3.0" complement="false">
                <singletonShape param1="3.0"/>
            </fuzzyTerm>
        </fuzzyVariable>
    </knowledgeBase>
    <mamdaniRuleBase name="rulebase-New Knowledge Base" activationMethod="MIN" andMethod="MIN" orMethod="MAX">
        <rule name="rule1" andMethod="min" connector="and" weight="1.0">
            <antecedent>
                <clause>
                    <variable>flavanoids</variable>
                    <term>very_low</term>
                </clause>
                <clause>
                    <variable>ColorIntensity</variable>
                    <term>very_low</term>
                </clause>
            </antecedent>
            <consequent>
                <then>
                    <clause>
                        <variable>Class</variable>
                        <term>2.0</term>
                    </clause>
                </then>
            </consequent>
        </rule>
        <rule name="rule2" andMethod="min" connector="and" weight="1.0">
            <antecedent>
                <clause>
                    <variable>flavanoids</variable>
                    <term>very_low</term>
                </clause>
                <clause>
                    <variable>ColorIntensity</variable>
                    <term>low</term>
                </clause>
            </antecedent>
            <consequent>
                <then>
                    <clause>
                        <variable>Class</variable>
                        <term>3.0</term>
                    </clause>
                </then>
            </consequent>
        </rule>
        <rule name="rule3" andMethod="min" connector="and" weight="1.0">
            <antecedent>
                <clause>
                    <variable>flavanoids</variable>
                    <term>very_low</term>
                </clause>
                <clause>
                    <variable>ColorIntensity</variable>
                    <term>average_low</term>
                </clause>
            </antecedent>
            <consequent>
                <then>
                    <clause>
                        <variable>Class</variable>
                        <term>3.0</term>
                    </clause>
                </then>
            </consequent>
        </rule>
        <rule name="rule4" andMethod="min" connector="and" weight="1.0">
            <antecedent>
                <clause>
                    <variable>flavanoids</variable>
                    <term>very_low</term>
                </clause>
                <clause>
                    <variable>ColorIntensity</variable>
                    <term>average_high</term>
                </clause>
            </antecedent>
            <consequent>
                <then>
                    <clause>
                        <variable>Class</variable>
                        <term>3.0</term>
                    </clause>
                </then>
            </consequent>
        </rule>
        <rule name="rule5" andMethod="min" connector="and" weight="1.0">
            <antecedent>
                <clause>
                    <variable>flavanoids</variable>
                    <term>very_low</term>
                </clause>
                <clause>
                    <variable>ColorIntensity</variable>
                    <term>high</term>
                </clause>
            </antecedent>
            <consequent>
                <then>
                    <clause>
                        <variable>Class</variable>
                        <term>3.0</term>
                    </clause>
                </then>
            </consequent>
        </rule>
        <rule name="rule6" andMethod="min" connector="and" weight="1.0">
            <antecedent>
                <clause>
                    <variable>flavanoids</variable>
                    <term>very_low</term>
                </clause>
                <clause>
                    <variable>ColorIntensity</variable>
                    <term>very_high</term>
                </clause>
            </antecedent>
            <consequent>
                <then>
                    <clause>
                        <variable>Class</variable>
                        <term>3.0</term>
                    </clause>
                </then>
            </consequent>
        </rule>
        <rule name="rule7" andMethod="min" connector="and" weight="1.0">
            <antecedent>
                <clause>
                    <variable>flavanoids</variable>
                    <term>low</term>
                </clause>
                <clause>
                    <variable>ColorIntensity</variable>
                    <term>very_low</term>
                </clause>
            </antecedent>
            <consequent>
                <then>
                    <clause>
                        <variable>Class</variable>
                        <term>2.0</term>
                    </clause>
                </then>
            </consequent>
        </rule>
        <rule name="rule8" andMethod="min" connector="and" weight="1.0">
            <antecedent>
                <clause>
                    <variable>flavanoids</variable>
                    <term>low</term>
                </clause>
                <clause>
                    <variable>ColorIntensity</variable>
                    <term>low</term>
                </clause>
                <clause>
                    <variable>OD280/OD315</variable>
                    <term>very_low</term>
                </clause>
            </antecedent>
            <consequent>
                <then>
                    <clause>
                        <variable>Class</variable>
                        <term>3.0</term>
                    </clause>
                </then>
            </consequent>
        </rule>
        <rule name="rule9" andMethod="min" connector="and" weight="1.0">
            <antecedent>
                <clause>
                    <variable>flavanoids</variable>
                    <term>low</term>
                </clause>
                <clause>
                    <variable>ColorIntensity</variable>
                    <term>low</term>
                </clause>
                <clause>
                    <variable>OD280/OD315</variable>
                    <term>low</term>
                </clause>
            </antecedent>
            <consequent>
                <then>
                    <clause>
                        <variable>Class</variable>
                        <term>2.0</term>
                    </clause>
                </then>
            </consequent>
        </rule>
        <rule name="rule10" andMethod="min" connector="and" weight="1.0">
            <antecedent>
                <clause>
                    <variable>flavanoids</variable>
                    <term>low</term>
                </clause>
                <clause>
                    <variable>ColorIntensity</variable>
                    <term>low</term>
                </clause>
                <clause>
                    <variable>OD280/OD315</variable>
                    <term>average_low</term>
                </clause>
            </antecedent>
            <consequent>
                <then>
                    <clause>
                        <variable>Class</variable>
                        <term>2.0</term>
                    </clause>
                </then>
            </consequent>
        </rule>
        <rule name="rule11" andMethod="min" connector="and" weight="1.0">
            <antecedent>
                <clause>
                    <variable>flavanoids</variable>
                    <term>low</term>
                </clause>
                <clause>
                    <variable>ColorIntensity</variable>
                    <term>low</term>
                </clause>
                <clause>
                    <variable>OD280/OD315</variable>
                    <term>average_high</term>
                </clause>
            </antecedent>
            <consequent>
                <then>
                    <clause>
                        <variable>Class</variable>
                        <term>2.0</term>
                    </clause>
                </then>
            </consequent>
        </rule>
        <rule name="rule12" andMethod="min" connector="and" weight="1.0">
            <antecedent>
                <clause>
                    <variable>flavanoids</variable>
                    <term>low</term>
                </clause>
                <clause>
                    <variable>ColorIntensity</variable>
                    <term>low</term>
                </clause>
                <clause>
                    <variable>OD280/OD315</variable>
                    <term>high</term>
                </clause>
            </antecedent>
            <consequent>
                <then>
                    <clause>
                        <variable>Class</variable>
                        <term>2.0</term>
                    </clause>
                </then>
            </consequent>
        </rule>
        <rule name="rule13" andMethod="min" connector="and" weight="1.0">
            <antecedent>
                <clause>
                    <variable>flavanoids</variable>
                    <term>low</term>
                </clause>
                <clause>
                    <variable>ColorIntensity</variable>
                    <term>low</term>
                </clause>
                <clause>
                    <variable>OD280/OD315</variable>
                    <term>very_high</term>
                </clause>
            </antecedent>
            <consequent>
                <then>
                    <clause>
                        <variable>Class</variable>
                        <term>2.0</term>
                    </clause>
                </then>
            </consequent>
        </rule>
        <rule name="rule14" andMethod="min" connector="and" weight="1.0">
            <antecedent>
                <clause>
                    <variable>flavanoids</variable>
                    <term>low</term>
                </clause>
                <clause>
                    <variable>ColorIntensity</variable>
                    <term>average_low</term>
                </clause>
                <clause>
                    <variable>OD280/OD315</variable>
                    <term>very_low</term>
                </clause>
            </antecedent>
            <consequent>
                <then>
                    <clause>
                        <variable>Class</variable>
                        <term>3.0</term>
                    </clause>
                </then>
            </consequent>
        </rule>
        <rule name="rule15" andMethod="min" connector="and" weight="1.0">
            <antecedent>
                <clause>
                    <variable>flavanoids</variable>
                    <term>low</term>
                </clause>
                <clause>
                    <variable>ColorIntensity</variable>
                    <term>average_low</term>
                </clause>
                <clause>
                    <variable>OD280/OD315</variable>
                    <term>low</term>
                </clause>
            </antecedent>
            <consequent>
                <then>
                    <clause>
                        <variable>Class</variable>
                        <term>2.0</term>
                    </clause>
                </then>
            </consequent>
        </rule>
        <rule name="rule16" andMethod="min" connector="and" weight="1.0">
            <antecedent>
                <clause>
                    <variable>flavanoids</variable>
                    <term>low</term>
                </clause>
                <clause>
                    <variable>ColorIntensity</variable>
                    <term>average_low</term>
                </clause>
                <clause>
                    <variable>OD280/OD315</variable>
                    <term>average_low</term>
                </clause>
            </antecedent>
            <consequent>
                <then>
                    <clause>
                        <variable>Class</variable>
                        <term>2.0</term>
                    </clause>
                </then>
            </consequent>
        </rule>
        <rule name="rule17" andMethod="min" connector="and" weight="1.0">
            <antecedent>
                <clause>
                    <variable>flavanoids</variable>
                    <term>low</term>
                </clause>
                <clause>
                    <variable>ColorIntensity</variable>
                    <term>average_low</term>
                </clause>
                <clause>
                    <variable>OD280/OD315</variable>
                    <term>high</term>
                </clause>
            </antecedent>
            <consequent>
                <then>
                    <clause>
                        <variable>Class</variable>
                        <term>2.0</term>
                    </clause>
                </then>
            </consequent>
        </rule>
        <rule name="rule18" andMethod="min" connector="and" weight="1.0">
            <antecedent>
                <clause>
                    <variable>flavanoids</variable>
                    <term>low</term>
                </clause>
                <clause>
                    <variable>ColorIntensity</variable>
                    <term>average_low</term>
                </clause>
                <clause>
                    <variable>OD280/OD315</variable>
                    <term>very_high</term>
                </clause>
            </antecedent>
            <consequent>
                <then>
                    <clause>
                        <variable>Class</variable>
                        <term>2.0</term>
                    </clause>
                </then>
            </consequent>
        </rule>
        <rule name="rule19" andMethod="min" connector="and" weight="1.0">
            <antecedent>
                <clause>
                    <variable>flavanoids</variable>
                    <term>low</term>
                </clause>
                <clause>
                    <variable>ColorIntensity</variable>
                    <term>average_high</term>
                </clause>
            </antecedent>
            <consequent>
                <then>
                    <clause>
                        <variable>Class</variable>
                        <term>3.0</term>
                    </clause>
                </then>
            </consequent>
        </rule>
        <rule name="rule20" andMethod="min" connector="and" weight="1.0">
            <antecedent>
                <clause>
                    <variable>flavanoids</variable>
                    <term>low</term>
                </clause>
                <clause>
                    <variable>ColorIntensity</variable>
                    <term>high</term>
                </clause>
            </antecedent>
            <consequent>
                <then>
                    <clause>
                        <variable>Class</variable>
                        <term>3.0</term>
                    </clause>
                </then>
            </consequent>
        </rule>
        <rule name="rule21" andMethod="min" connector="and" weight="1.0">
            <antecedent>
                <clause>
                    <variable>flavanoids</variable>
                    <term>low</term>
                </clause>
                <clause>
                    <variable>ColorIntensity</variable>
                    <term>very_high</term>
                </clause>
            </antecedent>
            <consequent>
                <then>
                    <clause>
                        <variable>Class</variable>
                        <term>3.0</term>
                    </clause>
                </then>
            </consequent>
        </rule>
        <rule name="rule22" andMethod="min" connector="and" weight="1.0">
            <antecedent>
                <clause>
                    <variable>flavanoids</variable>
                    <term>average_low</term>
                </clause>
                <clause>
                    <variable>Proline</variable>
                    <term>very_low</term>
                </clause>
            </antecedent>
            <consequent>
                <then>
                    <clause>
                        <variable>Class</variable>
                        <term>2.0</term>
                    </clause>
                </then>
            </consequent>
        </rule>
        <rule name="rule23" andMethod="min" connector="and" weight="1.0">
            <antecedent>
                <clause>
                    <variable>flavanoids</variable>
                    <term>average_low</term>
                </clause>
                <clause>
                    <variable>Proline</variable>
                    <term>low</term>
                </clause>
            </antecedent>
            <consequent>
                <then>
                    <clause>
                        <variable>Class</variable>
                        <term>2.0</term>
                    </clause>
                </then>
            </consequent>
        </rule>
        <rule name="rule24" andMethod="min" connector="and" weight="1.0">
            <antecedent>
                <clause>
                    <variable>MalicAcid</variable>
                    <term>very_low</term>
                </clause>
                <clause>
                    <variable>flavanoids</variable>
                    <term>average_low</term>
                </clause>
                <clause>
                    <variable>Proline</variable>
                    <term>average_low</term>
                </clause>
            </antecedent>
            <consequent>
                <then>
                    <clause>
                        <variable>Class</variable>
                        <term>2.0</term>
                    </clause>
                </then>
            </consequent>
        </rule>
        <rule name="rule25" andMethod="min" connector="and" weight="1.0">
            <antecedent>
                <clause>
                    <variable>MalicAcid</variable>
                    <term>low</term>
                </clause>
                <clause>
                    <variable>flavanoids</variable>
                    <term>average_low</term>
                </clause>
                <clause>
                    <variable>Proline</variable>
                    <term>average_low</term>
                </clause>
            </antecedent>
            <consequent>
                <then>
                    <clause>
                        <variable>Class</variable>
                        <term>2.0</term>
                    </clause>
                </then>
            </consequent>
        </rule>
        <rule name="rule26" andMethod="min" connector="and" weight="1.0">
            <antecedent>
                <clause>
                    <variable>MalicAcid</variable>
                    <term>average_low</term>
                </clause>
                <clause>
                    <variable>flavanoids</variable>
                    <term>average_low</term>
                </clause>
                <clause>
                    <variable>Proline</variable>
                    <term>average_low</term>
                </clause>
            </antecedent>
            <consequent>
                <then>
                    <clause>
                        <variable>Class</variable>
                        <term>2.0</term>
                    </clause>
                </then>
            </consequent>
        </rule>
        <rule name="rule27" andMethod="min" connector="and" weight="1.0">
            <antecedent>
                <clause>
                    <variable>MalicAcid</variable>
                    <term>average_high</term>
                </clause>
                <clause>
                    <variable>flavanoids</variable>
                    <term>average_low</term>
                </clause>
                <clause>
                    <variable>Proline</variable>
                    <term>average_low</term>
                </clause>
            </antecedent>
            <consequent>
                <then>
                    <clause>
                        <variable>Class</variable>
                        <term>1.0</term>
                    </clause>
                </then>
            </consequent>
        </rule>
        <rule name="rule28" andMethod="min" connector="and" weight="1.0">
            <antecedent>
                <clause>
                    <variable>MalicAcid</variable>
                    <term>high</term>
                </clause>
                <clause>
                    <variable>flavanoids</variable>
                    <term>average_low</term>
                </clause>
                <clause>
                    <variable>Proline</variable>
                    <term>average_low</term>
                </clause>
            </antecedent>
            <consequent>
                <then>
                    <clause>
                        <variable>Class</variable>
                        <term>1.0</term>
                    </clause>
                </then>
            </consequent>
        </rule>
        <rule name="rule29" andMethod="min" connector="and" weight="1.0">
            <antecedent>
                <clause>
                    <variable>Alcohol</variable>
                    <term>very_low</term>
                </clause>
                <clause>
                    <variable>flavanoids</variable>
                    <term>average_low</term>
                </clause>
                <clause>
                    <variable>Proline</variable>
                    <term>average_high</term>
                </clause>
            </antecedent>
            <consequent>
                <then>
                    <clause>
                        <variable>Class</variable>
                        <term>2.0</term>
                    </clause>
                </then>
            </consequent>
        </rule>
        <rule name="rule30" andMethod="min" connector="and" weight="1.0">
            <antecedent>
                <clause>
                    <variable>Alcohol</variable>
                    <term>low</term>
                </clause>
                <clause>
                    <variable>flavanoids</variable>
                    <term>average_low</term>
                </clause>
                <clause>
                    <variable>Proline</variable>
                    <term>average_high</term>
                </clause>
            </antecedent>
            <consequent>
                <then>
                    <clause>
                        <variable>Class</variable>
                        <term>2.0</term>
                    </clause>
                </then>
            </consequent>
        </rule>
        <rule name="rule31" andMethod="min" connector="and" weight="1.0">
            <antecedent>
                <clause>
                    <variable>Alcohol</variable>
                    <term>average_low</term>
                </clause>
                <clause>
                    <variable>flavanoids</variable>
                    <term>average_low</term>
                </clause>
                <clause>
                    <variable>Proline</variable>
                    <term>average_high</term>
                </clause>
            </antecedent>
            <consequent>
                <then>
                    <clause>
                        <variable>Class</variable>
                        <term>2.0</term>
                    </clause>
                </then>
            </consequent>
        </rule>
        <rule name="rule32" andMethod="min" connector="and" weight="1.0">
            <antecedent>
                <clause>
                    <variable>Alcohol</variable>
                    <term>average_high</term>
                </clause>
                <clause>
                    <variable>flavanoids</variable>
                    <term>average_low</term>
                </clause>
                <clause>
                    <variable>Proline</variable>
                    <term>average_high</term>
                </clause>
            </antecedent>
            <consequent>
                <then>
                    <clause>
                        <variable>Class</variable>
                        <term>1.0</term>
                    </clause>
                </then>
            </consequent>
        </rule>
        <rule name="rule33" andMethod="min" connector="and" weight="1.0">
            <antecedent>
                <clause>
                    <variable>Alcohol</variable>
                    <term>high</term>
                </clause>
                <clause>
                    <variable>flavanoids</variable>
                    <term>average_low</term>
                </clause>
                <clause>
                    <variable>Proline</variable>
                    <term>average_high</term>
                </clause>
            </antecedent>
            <consequent>
                <then>
                    <clause>
                        <variable>Class</variable>
                        <term>1.0</term>
                    </clause>
                </then>
            </consequent>
        </rule>
        <rule name="rule34" andMethod="min" connector="and" weight="1.0">
            <antecedent>
                <clause>
                    <variable>Alcohol</variable>
                    <term>very_high</term>
                </clause>
                <clause>
                    <variable>flavanoids</variable>
                    <term>average_low</term>
                </clause>
                <clause>
                    <variable>Proline</variable>
                    <term>average_high</term>
                </clause>
            </antecedent>
            <consequent>
                <then>
                    <clause>
                        <variable>Class</variable>
                        <term>1.0</term>
                    </clause>
                </then>
            </consequent>
        </rule>
        <rule name="rule35" andMethod="min" connector="and" weight="1.0">
            <antecedent>
                <clause>
                    <variable>flavanoids</variable>
                    <term>average_low</term>
                </clause>
                <clause>
                    <variable>Proline</variable>
                    <term>high</term>
                </clause>
            </antecedent>
            <consequent>
                <then>
                    <clause>
                        <variable>Class</variable>
                        <term>1.0</term>
                    </clause>
                </then>
            </consequent>
        </rule>
        <rule name="rule36" andMethod="min" connector="and" weight="1.0">
            <antecedent>
                <clause>
                    <variable>Alcohol</variable>
                    <term>very_low</term>
                </clause>
                <clause>
                    <variable>flavanoids</variable>
                    <term>average_high</term>
                </clause>
            </antecedent>
            <consequent>
                <then>
                    <clause>
                        <variable>Class</variable>
                        <term>2.0</term>
                    </clause>
                </then>
            </consequent>
        </rule>
        <rule name="rule37" andMethod="min" connector="and" weight="1.0">
            <antecedent>
                <clause>
                    <variable>Alcohol</variable>
                    <term>low</term>
                </clause>
                <clause>
                    <variable>flavanoids</variable>
                    <term>average_high</term>
                </clause>
            </antecedent>
            <consequent>
                <then>
                    <clause>
                        <variable>Class</variable>
                        <term>2.0</term>
                    </clause>
                </then>
            </consequent>
        </rule>
        <rule name="rule38" andMethod="min" connector="and" weight="1.0">
            <antecedent>
                <clause>
                    <variable>Alcohol</variable>
                    <term>average_low</term>
                </clause>
                <clause>
                    <variable>Magnesium</variable>
                    <term>very_low</term>
                </clause>
                <clause>
                    <variable>flavanoids</variable>
                    <term>average_high</term>
                </clause>
            </antecedent>
            <consequent>
                <then>
                    <clause>
                        <variable>Class</variable>
                        <term>2.0</term>
                    </clause>
                </then>
            </consequent>
        </rule>
        <rule name="rule39" andMethod="min" connector="and" weight="1.0">
            <antecedent>
                <clause>
                    <variable>Alcohol</variable>
                    <term>average_low</term>
                </clause>
                <clause>
                    <variable>Magnesium</variable>
                    <term>low</term>
                </clause>
                <clause>
                    <variable>flavanoids</variable>
                    <term>average_high</term>
                </clause>
            </antecedent>
            <consequent>
                <then>
                    <clause>
                        <variable>Class</variable>
                        <term>2.0</term>
                    </clause>
                </then>
            </consequent>
        </rule>
        <rule name="rule40" andMethod="min" connector="and" weight="1.0">
            <antecedent>
                <clause>
                    <variable>Alcohol</variable>
                    <term>average_low</term>
                </clause>
                <clause>
                    <variable>Magnesium</variable>
                    <term>average_low</term>
                </clause>
                <clause>
                    <variable>flavanoids</variable>
                    <term>average_high</term>
                </clause>
            </antecedent>
            <consequent>
                <then>
                    <clause>
                        <variable>Class</variable>
                        <term>1.0</term>
                    </clause>
                </then>
            </consequent>
        </rule>
        <rule name="rule41" andMethod="min" connector="and" weight="1.0">
            <antecedent>
                <clause>
                    <variable>Alcohol</variable>
                    <term>average_low</term>
                </clause>
                <clause>
                    <variable>Magnesium</variable>
                    <term>average_high</term>
                </clause>
                <clause>
                    <variable>flavanoids</variable>
                    <term>average_high</term>
                </clause>
            </antecedent>
            <consequent>
                <then>
                    <clause>
                        <variable>Class</variable>
                        <term>1.0</term>
                    </clause>
                </then>
            </consequent>
        </rule>
        <rule name="rule42" andMethod="min" connector="and" weight="1.0">
            <antecedent>
                <clause>
                    <variable>Alcohol</variable>
                    <term>average_low</term>
                </clause>
                <clause>
                    <variable>Magnesium</variable>
                    <term>high</term>
                </clause>
                <clause>
                    <variable>flavanoids</variable>
                    <term>average_high</term>
                </clause>
            </antecedent>
            <consequent>
                <then>
                    <clause>
                        <variable>Class</variable>
                        <term>1.0</term>
                    </clause>
                </then>
            </consequent>
        </rule>
        <rule name="rule43" andMethod="min" connector="and" weight="1.0">
            <antecedent>
                <clause>
                    <variable>Alcohol</variable>
                    <term>average_low</term>
                </clause>
                <clause>
                    <variable>Magnesium</variable>
                    <term>very_high</term>
                </clause>
                <clause>
                    <variable>flavanoids</variable>
                    <term>average_high</term>
                </clause>
            </antecedent>
            <consequent>
                <then>
                    <clause>
                        <variable>Class</variable>
                        <term>2.0</term>
                    </clause>
                </then>
            </consequent>
        </rule>
        <rule name="rule44" andMethod="min" connector="and" weight="1.0">
            <antecedent>
                <clause>
                    <variable>Alcohol</variable>
                    <term>average_high</term>
                </clause>
                <clause>
                    <variable>flavanoids</variable>
                    <term>average_high</term>
                </clause>
            </antecedent>
            <consequent>
                <then>
                    <clause>
                        <variable>Class</variable>
                        <term>1.0</term>
                    </clause>
                </then>
            </consequent>
        </rule>
        <rule name="rule45" andMethod="min" connector="and" weight="1.0">
            <antecedent>
                <clause>
                    <variable>Alcohol</variable>
                    <term>high</term>
                </clause>
                <clause>
                    <variable>flavanoids</variable>
                    <term>average_high</term>
                </clause>
            </antecedent>
            <consequent>
                <then>
                    <clause>
                        <variable>Class</variable>
                        <term>1.0</term>
                    </clause>
                </then>
            </consequent>
        </rule>
        <rule name="rule46" andMethod="min" connector="and" weight="1.0">
            <antecedent>
                <clause>
                    <variable>Alcohol</variable>
                    <term>very_high</term>
                </clause>
                <clause>
                    <variable>flavanoids</variable>
                    <term>average_high</term>
                </clause>
            </antecedent>
            <consequent>
                <then>
                    <clause>
                        <variable>Class</variable>
                        <term>1.0</term>
                    </clause>
                </then>
            </consequent>
        </rule>
        <rule name="rule47" andMethod="min" connector="and" weight="1.0">
            <antecedent>
                <clause>
                    <variable>flavanoids</variable>
                    <term>high</term>
                </clause>
                <clause>
                    <variable>Proline</variable>
                    <term>very_low</term>
                </clause>
            </antecedent>
            <consequent>
                <then>
                    <clause>
                        <variable>Class</variable>
                        <term>2.0</term>
                    </clause>
                </then>
            </consequent>
        </rule>
        <rule name="rule48" andMethod="min" connector="and" weight="1.0">
            <antecedent>
                <clause>
                    <variable>flavanoids</variable>
                    <term>high</term>
                </clause>
                <clause>
                    <variable>Proline</variable>
                    <term>low</term>
                </clause>
            </antecedent>
            <consequent>
                <then>
                    <clause>
                        <variable>Class</variable>
                        <term>2.0</term>
                    </clause>
                </then>
            </consequent>
        </rule>
        <rule name="rule49" andMethod="min" connector="and" weight="1.0">
            <antecedent>
                <clause>
                    <variable>flavanoids</variable>
                    <term>high</term>
                </clause>
                <clause>
                    <variable>Proline</variable>
                    <term>average_low</term>
                </clause>
            </antecedent>
            <consequent>
                <then>
                    <clause>
                        <variable>Class</variable>
                        <term>1.0</term>
                    </clause>
                </then>
            </consequent>
        </rule>
        <rule name="rule50" andMethod="min" connector="and" weight="1.0">
            <antecedent>
                <clause>
                    <variable>flavanoids</variable>
                    <term>high</term>
                </clause>
                <clause>
                    <variable>Proline</variable>
                    <term>average_high</term>
                </clause>
            </antecedent>
            <consequent>
                <then>
                    <clause>
                        <variable>Class</variable>
                        <term>1.0</term>
                    </clause>
                </then>
            </consequent>
        </rule>
        <rule name="rule51" andMethod="min" connector="and" weight="1.0">
            <antecedent>
                <clause>
                    <variable>flavanoids</variable>
                    <term>high</term>
                </clause>
                <clause>
                    <variable>Proline</variable>
                    <term>high</term>
                </clause>
            </antecedent>
            <consequent>
                <then>
                    <clause>
                        <variable>Class</variable>
                        <term>1.0</term>
                    </clause>
                </then>
            </consequent>
        </rule>
        <rule name="rule52" andMethod="min" connector="and" weight="1.0">
            <antecedent>
                <clause>
                    <variable>flavanoids</variable>
                    <term>high</term>
                </clause>
                <clause>
                    <variable>Proline</variable>
                    <term>very_high</term>
                </clause>
            </antecedent>
            <consequent>
                <then>
                    <clause>
                        <variable>Class</variable>
                        <term>1.0</term>
                    </clause>
                </then>
            </consequent>
        </rule>
        <rule name="rule53" andMethod="min" connector="and" weight="1.0">
            <antecedent>
                <clause>
                    <variable>flavanoids</variable>
                    <term>very_high</term>
                </clause>
            </antecedent>
            <consequent>
                <then>
                    <clause>
                        <variable>Class</variable>
                        <term>2.0</term>
                    </clause>
                </then>
            </consequent>
        </rule>
    </mamdaniRuleBase>
</fuzzySystem>
