<?xml version="1.0" encoding="UTF-8" standalone="yes"?>
<fuzzySystem xmlns="http://www.ieee1855.org" name="New Knowledge Base - MAMDANI">
    <knowledgeBase>
        <fuzzyVariable name="Alcohol" scale="" domainleft="11.03" domainright="14.83" type="input">
            <fuzzyTerm name="very low OR low" complement="false">
                <trapezoidShape param1="11.03" param2="11.03" param3="12.244" param4="12.822"/>
            </fuzzyTerm>
            <fuzzyTerm name="average low" complement="false">
                <triangularShape param1="12.244" param2="12.822" param3="13.398"/>
            </fuzzyTerm>
            <fuzzyTerm name="average high OR high OR very high" complement="false">
                <trapezoidShape param1="12.822" param2="13.398" param3="14.83" param4="14.83"/>
            </fuzzyTerm>
        </fuzzyVariable>
        <fuzzyVariable name="MalicAcid" scale="" domainleft="0.74" domainright="5.8" type="input">
            <fuzzyTerm name="very low OR low OR average low" complement="false">
                <trapezoidShape param1="0.74" param2="0.74" param3="2.732" param4="3.722"/>
            </fuzzyTerm>
            <fuzzyTerm name="more or less (average high)" complement="false">
                <trapezoidShape param1="2.732" param2="3.722" param3="5.8" param4="5.8"/>
            </fuzzyTerm>
        </fuzzyVariable>
        <fuzzyVariable name="Magnesium" scale="" domainleft="70.0" domainright="162.0" type="input">
            <fuzzyTerm name="very low OR low" complement="false">
                <trapezoidShape param1="70.0" param2="70.0" param3="89.275" param4="95.747"/>
            </fuzzyTerm>
            <fuzzyTerm name="more or less (average low)" complement="false">
                <trapezoidShape param1="89.275" param2="95.747" param3="162.0" param4="162.0"/>
            </fuzzyTerm>
        </fuzzyVariable>
        <fuzzyVariable name="flavanoids" scale="" domainleft="0.34" domainright="5.08" type="input">
            <fuzzyTerm name="very low" complement="false">
                <trapezoidShape param1="0.34" param2="0.34" param3="0.675" param4="1.453"/>
            </fuzzyTerm>
            <fuzzyTerm name="low" complement="false">
                <triangularShape param1="0.675" param2="1.453" param3="2.151"/>
            </fuzzyTerm>
            <fuzzyTerm name="average low" complement="false">
                <triangularShape param1="1.453" param2="2.151" param3="2.778"/>
            </fuzzyTerm>
            <fuzzyTerm name="average high" complement="false">
                <triangularShape param1="2.151" param2="2.778" param3="3.365"/>
            </fuzzyTerm>
            <fuzzyTerm name="high" complement="false">
                <triangularShape param1="2.778" param2="3.365" param3="5.08"/>
            </fuzzyTerm>
            <fuzzyTerm name="very high" complement="false">
                <trapezoidShape param1="3.365" param2="5.08" param3="5.08" param4="5.08"/>
            </fuzzyTerm>
            <fuzzyTerm name="(very low) OR (low)" complement="false">
                <trapezoidShape param1="0.34" param2="0.34" param3="1.453" param4="2.151"/>
            </fuzzyTerm>
        </fuzzyVariable>
        <fuzzyVariable name="ColorIntensity" scale="" domainleft="1.28" domainright="13.0" type="input">
            <fuzzyTerm name="very low" complement="false">
                <trapezoidShape param1="1.28" param2="1.28" param3="2.534" param4="3.96"/>
            </fuzzyTerm>
            <fuzzyTerm name="low OR average low" complement="false">
                <trapezoidShape param1="2.534" param2="3.96" param3="5.518" param4="7.533"/>
            </fuzzyTerm>
            <fuzzyTerm name="average high OR high OR very high" complement="false">
                <trapezoidShape param1="5.518" param2="7.533" param3="13.0" param4="13.0"/>
            </fuzzyTerm>
            <fuzzyTerm name="NOT(very low)" complement="false">
                <trapezoidShape param1="2.534" param2="3.96" param3="13.0" param4="13.0"/>
            </fuzzyTerm>
        </fuzzyVariable>
        <fuzzyVariable name="OD280/OD315" scale="" domainleft="1.27" domainright="4.0" type="input">
            <fuzzyTerm name="very low" complement="false">
                <trapezoidShape param1="1.27" param2="1.27" param3="1.448" param4="1.821"/>
            </fuzzyTerm>
            <fuzzyTerm name="more or less (low)" complement="false">
                <trapezoidShape param1="1.448" param2="1.821" param3="4.0" param4="4.0"/>
            </fuzzyTerm>
        </fuzzyVariable>
        <fuzzyVariable name="Proline" scale="" domainleft="278.0" domainright="1680.0" type="input">
            <fuzzyTerm name="very low" complement="false">
                <trapezoidShape param1="278.0" param2="278.0" param3="414.605" param4="597.958"/>
            </fuzzyTerm>
            <fuzzyTerm name="low" complement="false">
                <triangularShape param1="414.605" param2="597.958" param3="791.548"/>
            </fuzzyTerm>
            <fuzzyTerm name="average low" complement="false">
                <triangularShape param1="597.958" param2="791.548" param3="1052.261"/>
            </fuzzyTerm>
            <fuzzyTerm name="average high" complement="false">
                <triangularShape param1="791.548" param2="1052.261" param3="1282.857"/>
            </fuzzyTerm>
            <fuzzyTerm name="high" complement="false">
                <triangularShape param1="1052.261" param2="1282.857" param3="1530.333"/>
            </fuzzyTerm>
            <fuzzyTerm name="very high" complement="false">
                <trapezoidShape param1="1282.857" param2="1530.333" param3="1680.0" param4="1680.0"/>
            </fuzzyTerm>
            <fuzzyTerm name="(very low) OR (low)" complement="false">
                <trapezoidShape param1="278.0" param2="278.0" param3="597.958" param4="791.548"/>
            </fuzzyTerm>
            <fuzzyTerm name="(average low) OR (average high) OR (high) OR (very high)" complement="false">
                <trapezoidShape param1="597.958" param2="791.548" param3="1680.0" param4="1680.0"/>
            </fuzzyTerm>
        </fuzzyVariable>
        <fuzzyVariable name="Class" scale="" domainleft="1.0" domainright="3.0" type="output" accumulation="MAX" defuzzifier="MOM" defaultValue="1.0">
            <fuzzyTerm name="1.0" complement="false">
                <singletonShape param1="1.0"/>
            </fuzzyTerm>
            <fuzzyTerm name="2.0" complement="false">
                <singletonShape param1="2.0"/>
            </fuzzyTerm>
            <fuzzyTerm name="3.0" complement="false">
                <singletonShape param1="3.0"/>
            </fuzzyTerm>
        </fuzzyVariable>
    </knowledgeBase>
    <mamdaniRuleBase name="rulebase-New Knowledge Base" activationMethod="MIN" andMethod="MIN" orMethod="MAX">
        <rule name="rule1" andMethod="min" connector="and" weight="1.0">
            <antecedent>
                <clause>
                    <variable>flavanoids</variable>
                    <term>(very low) OR (low)</term>
                </clause>
                <clause>
                    <variable>ColorIntensity</variable>
                    <term>very low</term>
                </clause>
            </antecedent>
            <consequent>
                <then>
                    <clause>
                        <variable>Class</variable>
                        <term>2.0</term>
                    </clause>
                </then>
            </consequent>
        </rule>
        <rule name="rule2" andMethod="min" connector="and" weight="1.0">
            <antecedent>
                <clause>
                    <variable>flavanoids</variable>
                    <term>low</term>
                </clause>
                <clause>
                    <variable>ColorIntensity</variable>
                    <term>low OR average low</term>
                </clause>
                <clause>
                    <variable>OD280/OD315</variable>
                    <term>more or less (low)</term>
                </clause>
            </antecedent>
            <consequent>
                <then>
                    <clause>
                        <variable>Class</variable>
                        <term>2.0</term>
                    </clause>
                </then>
            </consequent>
        </rule>
        <rule name="rule3" andMethod="min" connector="and" weight="1.0">
            <antecedent>
                <clause>
                    <variable>flavanoids</variable>
                    <term>average low</term>
                </clause>
                <clause>
                    <variable>Proline</variable>
                    <term>(very low) OR (low)</term>
                </clause>
            </antecedent>
            <consequent>
                <then>
                    <clause>
                        <variable>Class</variable>
                        <term>2.0</term>
                    </clause>
                </then>
            </consequent>
        </rule>
        <rule name="rule4" andMethod="min" connector="and" weight="1.0">
            <antecedent>
                <clause>
                    <variable>MalicAcid</variable>
                    <term>very low OR low OR average low</term>
                </clause>
                <clause>
                    <variable>flavanoids</variable>
                    <term>average low</term>
                </clause>
                <clause>
                    <variable>Proline</variable>
                    <term>average low</term>
                </clause>
            </antecedent>
            <consequent>
                <then>
                    <clause>
                        <variable>Class</variable>
                        <term>2.0</term>
                    </clause>
                </then>
            </consequent>
        </rule>
        <rule name="rule5" andMethod="min" connector="and" weight="1.0">
            <antecedent>
                <clause>
                    <variable>Alcohol</variable>
                    <term>very low OR low</term>
                </clause>
                <clause>
                    <variable>flavanoids</variable>
                    <term>average high</term>
                </clause>
            </antecedent>
            <consequent>
                <then>
                    <clause>
                        <variable>Class</variable>
                        <term>2.0</term>
                    </clause>
                </then>
            </consequent>
        </rule>
        <rule name="rule6" andMethod="min" connector="and" weight="1.0">
            <antecedent>
                <clause>
                    <variable>Alcohol</variable>
                    <term>average low</term>
                </clause>
                <clause>
                    <variable>Magnesium</variable>
                    <term>very low OR low</term>
                </clause>
                <clause>
                    <variable>flavanoids</variable>
                    <term>average high</term>
                </clause>
            </antecedent>
            <consequent>
                <then>
                    <clause>
                        <variable>Class</variable>
                        <term>2.0</term>
                    </clause>
                </then>
            </consequent>
        </rule>
        <rule name="rule7" andMethod="min" connector="and" weight="1.0">
            <antecedent>
                <clause>
                    <variable>flavanoids</variable>
                    <term>high</term>
                </clause>
                <clause>
                    <variable>Proline</variable>
                    <term>(very low) OR (low)</term>
                </clause>
            </antecedent>
            <consequent>
                <then>
                    <clause>
                        <variable>Class</variable>
                        <term>2.0</term>
                    </clause>
                </then>
            </consequent>
        </rule>
        <rule name="rule8" andMethod="min" connector="and" weight="1.0">
            <antecedent>
                <clause>
                    <variable>flavanoids</variable>
                    <term>very high</term>
                </clause>
            </antecedent>
            <consequent>
                <then>
                    <clause>
                        <variable>Class</variable>
                        <term>2.0</term>
                    </clause>
                </then>
            </consequent>
        </rule>
        <rule name="rule9" andMethod="min" connector="and" weight="1.0">
            <antecedent>
                <clause>
                    <variable>flavanoids</variable>
                    <term>very low</term>
                </clause>
                <clause>
                    <variable>ColorIntensity</variable>
                    <term>NOT(very low)</term>
                </clause>
            </antecedent>
            <consequent>
                <then>
                    <clause>
                        <variable>Class</variable>
                        <term>3.0</term>
                    </clause>
                </then>
            </consequent>
        </rule>
        <rule name="rule10" andMethod="min" connector="and" weight="1.0">
            <antecedent>
                <clause>
                    <variable>flavanoids</variable>
                    <term>low</term>
                </clause>
                <clause>
                    <variable>ColorIntensity</variable>
                    <term>average high OR high OR very high</term>
                </clause>
            </antecedent>
            <consequent>
                <then>
                    <clause>
                        <variable>Class</variable>
                        <term>3.0</term>
                    </clause>
                </then>
            </consequent>
        </rule>
        <rule name="rule11" andMethod="min" connector="and" weight="1.0">
            <antecedent>
                <clause>
                    <variable>flavanoids</variable>
                    <term>average low</term>
                </clause>
                <clause>
                    <variable>Proline</variable>
                    <term>high</term>
                </clause>
            </antecedent>
            <consequent>
                <then>
                    <clause>
                        <variable>Class</variable>
                        <term>1.0</term>
                    </clause>
                </then>
            </consequent>
        </rule>
        <rule name="rule12" andMethod="min" connector="and" weight="1.0">
            <antecedent>
                <clause>
                    <variable>Alcohol</variable>
                    <term>average high OR high OR very high</term>
                </clause>
                <clause>
                    <variable>flavanoids</variable>
                    <term>average high</term>
                </clause>
            </antecedent>
            <consequent>
                <then>
                    <clause>
                        <variable>Class</variable>
                        <term>1.0</term>
                    </clause>
                </then>
            </consequent>
        </rule>
        <rule name="rule13" andMethod="min" connector="and" weight="1.0">
            <antecedent>
                <clause>
                    <variable>flavanoids</variable>
                    <term>high</term>
                </clause>
                <clause>
                    <variable>Proline</variable>
                    <term>(average low) OR (average high) OR (high) OR (very high)</term>
                </clause>
            </antecedent>
            <consequent>
                <then>
                    <clause>
                        <variable>Class</variable>
                        <term>1.0</term>
                    </clause>
                </then>
            </consequent>
        </rule>
    </mamdaniRuleBase>
</fuzzySystem>
