<?xml version="1.0" encoding="UTF-8" standalone="yes"?>
<fuzzySystem xmlns="http://www.ieee1855.org" name="New Knowledge Base - MAMDANI">
    <knowledgeBase>
        <fuzzyVariable name="Alcohol" scale="" domainleft="11.03" domainright="14.83" type="input">
            <fuzzyTerm name="very low OR low" complement="false">
                <trapezoidShape param1="11.03" param2="11.03" param3="12.472" param4="13.142"/>
            </fuzzyTerm>
            <fuzzyTerm name="more or less (average low OR average high OR high)" complement="false">
                <trapezoidShape param1="12.472" param2="13.142" param3="14.83" param4="14.83"/>
            </fuzzyTerm>
        </fuzzyVariable>
        <fuzzyVariable name="AlcalinityOfAsh" scale="" domainleft="10.6" domainright="30.0" type="input">
            <fuzzyTerm name="more or less (more or less (more or less (more or less (high))))" complement="false">
                <trapezoidShape param1="10.6" param2="10.6" param3="21.995" param4="30.0"/>
            </fuzzyTerm>
            <fuzzyTerm name="very high" complement="false">
                <trapezoidShape param1="21.995" param2="30.0" param3="30.0" param4="30.0"/>
            </fuzzyTerm>
        </fuzzyVariable>
        <fuzzyVariable name="Magnesium" scale="" domainleft="70.0" domainright="162.0" type="input">
            <fuzzyTerm name="very low OR low" complement="false">
                <trapezoidShape param1="70.0" param2="70.0" param3="95.421" param4="103.474"/>
            </fuzzyTerm>
            <fuzzyTerm name="more or less (average low OR average high OR high)" complement="false">
                <trapezoidShape param1="95.421" param2="103.474" param3="162.0" param4="162.0"/>
            </fuzzyTerm>
        </fuzzyVariable>
        <fuzzyVariable name="flavanoids" scale="" domainleft="0.34" domainright="5.08" type="input">
            <fuzzyTerm name="very low" complement="false">
                <trapezoidShape param1="0.34" param2="0.34" param3="0.663" param4="1.482"/>
            </fuzzyTerm>
            <fuzzyTerm name="low" complement="false">
                <triangularShape param1="0.663" param2="1.482" param3="2.243"/>
            </fuzzyTerm>
            <fuzzyTerm name="average low" complement="false">
                <triangularShape param1="1.482" param2="2.243" param3="2.832"/>
            </fuzzyTerm>
            <fuzzyTerm name="average high" complement="false">
                <triangularShape param1="2.243" param2="2.832" param3="3.378"/>
            </fuzzyTerm>
            <fuzzyTerm name="high" complement="false">
                <triangularShape param1="2.832" param2="3.378" param3="5.08"/>
            </fuzzyTerm>
            <fuzzyTerm name="very high" complement="false">
                <trapezoidShape param1="3.378" param2="5.08" param3="5.08" param4="5.08"/>
            </fuzzyTerm>
            <fuzzyTerm name="(very low) OR (low)" complement="false">
                <trapezoidShape param1="0.34" param2="0.34" param3="1.482" param4="2.243"/>
            </fuzzyTerm>
            <fuzzyTerm name="(average high) OR (high)" complement="false">
                <trapezoidShape param1="2.243" param2="2.832" param3="3.378" param4="5.08"/>
            </fuzzyTerm>
            <fuzzyTerm name="(average low) OR (average high) OR (high)" complement="false">
                <trapezoidShape param1="1.482" param2="2.243" param3="3.378" param4="5.08"/>
            </fuzzyTerm>
        </fuzzyVariable>
        <fuzzyVariable name="ColorIntensity" scale="" domainleft="1.28" domainright="13.0" type="input">
            <fuzzyTerm name="very low" complement="false">
                <trapezoidShape param1="1.28" param2="1.28" param3="2.662" param4="4.09"/>
            </fuzzyTerm>
            <fuzzyTerm name="low" complement="false">
                <triangularShape param1="2.662" param2="4.09" param3="5.575"/>
            </fuzzyTerm>
            <fuzzyTerm name="average low" complement="false">
                <triangularShape param1="4.09" param2="5.575" param3="7.262"/>
            </fuzzyTerm>
            <fuzzyTerm name="average high OR high OR very high" complement="false">
                <trapezoidShape param1="5.575" param2="7.262" param3="13.0" param4="13.0"/>
            </fuzzyTerm>
            <fuzzyTerm name="NOT(very low)" complement="false">
                <trapezoidShape param1="2.662" param2="4.09" param3="13.0" param4="13.0"/>
            </fuzzyTerm>
        </fuzzyVariable>
        <fuzzyVariable name="Hue" scale="" domainleft="0.48" domainright="1.71" type="input">
            <fuzzyTerm name="more or less (low)" complement="false">
                <trapezoidShape param1="0.48" param2="0.48" param3="0.795" param4="0.925"/>
            </fuzzyTerm>
            <fuzzyTerm name="average low OR average high OR high OR very high" complement="false">
                <trapezoidShape param1="0.795" param2="0.925" param3="1.71" param4="1.71"/>
            </fuzzyTerm>
        </fuzzyVariable>
        <fuzzyVariable name="OD280/OD315" scale="" domainleft="1.27" domainright="4.0" type="input">
            <fuzzyTerm name="very low" complement="false">
                <trapezoidShape param1="1.27" param2="1.27" param3="1.283" param4="1.862"/>
            </fuzzyTerm>
            <fuzzyTerm name="more or less (low OR average low)" complement="false">
                <trapezoidShape param1="1.283" param2="1.862" param3="4.0" param4="4.0"/>
            </fuzzyTerm>
        </fuzzyVariable>
        <fuzzyVariable name="Proline" scale="" domainleft="278.0" domainright="1680.0" type="input">
            <fuzzyTerm name="very low" complement="false">
                <trapezoidShape param1="278.0" param2="278.0" param3="436.52" param4="638.489"/>
            </fuzzyTerm>
            <fuzzyTerm name="low" complement="false">
                <triangularShape param1="436.52" param2="638.489" param3="820.043"/>
            </fuzzyTerm>
            <fuzzyTerm name="average low" complement="false">
                <triangularShape param1="638.489" param2="820.043" param3="1045.85"/>
            </fuzzyTerm>
            <fuzzyTerm name="average high" complement="false">
                <triangularShape param1="820.043" param2="1045.85" param3="1270.882"/>
            </fuzzyTerm>
            <fuzzyTerm name="high OR very high" complement="false">
                <trapezoidShape param1="1045.85" param2="1270.882" param3="1680.0" param4="1680.0"/>
            </fuzzyTerm>
            <fuzzyTerm name="(very low) OR (low)" complement="false">
                <trapezoidShape param1="278.0" param2="278.0" param3="638.489" param4="820.043"/>
            </fuzzyTerm>
        </fuzzyVariable>
        <fuzzyVariable name="Class" scale="" domainleft="1.0" domainright="3.0" type="output" accumulation="MAX" defuzzifier="MOM" defaultValue="1.0">
            <fuzzyTerm name="1.0" complement="false">
                <singletonShape param1="1.0"/>
            </fuzzyTerm>
            <fuzzyTerm name="2.0" complement="false">
                <singletonShape param1="2.0"/>
            </fuzzyTerm>
            <fuzzyTerm name="3.0" complement="false">
                <singletonShape param1="3.0"/>
            </fuzzyTerm>
        </fuzzyVariable>
    </knowledgeBase>
    <mamdaniRuleBase name="rulebase-New Knowledge Base" activationMethod="MIN" andMethod="MIN" orMethod="MAX">
        <rule name="rule1" andMethod="min" connector="and" weight="1.0">
            <antecedent>
                <clause>
                    <variable>flavanoids</variable>
                    <term>(very low) OR (low)</term>
                </clause>
                <clause>
                    <variable>ColorIntensity</variable>
                    <term>very low</term>
                </clause>
            </antecedent>
            <consequent>
                <then>
                    <clause>
                        <variable>Class</variable>
                        <term>2.0</term>
                    </clause>
                </then>
            </consequent>
        </rule>
        <rule name="rule2" andMethod="min" connector="and" weight="1.0">
            <antecedent>
                <clause>
                    <variable>flavanoids</variable>
                    <term>low</term>
                </clause>
                <clause>
                    <variable>ColorIntensity</variable>
                    <term>low</term>
                </clause>
                <clause>
                    <variable>OD280/OD315</variable>
                    <term>more or less (low OR average low)</term>
                </clause>
            </antecedent>
            <consequent>
                <then>
                    <clause>
                        <variable>Class</variable>
                        <term>2.0</term>
                    </clause>
                </then>
            </consequent>
        </rule>
        <rule name="rule3" andMethod="min" connector="and" weight="1.0">
            <antecedent>
                <clause>
                    <variable>flavanoids</variable>
                    <term>low</term>
                </clause>
                <clause>
                    <variable>ColorIntensity</variable>
                    <term>average low</term>
                </clause>
                <clause>
                    <variable>Hue</variable>
                    <term>average low OR average high OR high OR very high</term>
                </clause>
            </antecedent>
            <consequent>
                <then>
                    <clause>
                        <variable>Class</variable>
                        <term>2.0</term>
                    </clause>
                </then>
            </consequent>
        </rule>
        <rule name="rule4" andMethod="min" connector="and" weight="1.0">
            <antecedent>
                <clause>
                    <variable>flavanoids</variable>
                    <term>average low</term>
                </clause>
                <clause>
                    <variable>Proline</variable>
                    <term>(very low) OR (low)</term>
                </clause>
            </antecedent>
            <consequent>
                <then>
                    <clause>
                        <variable>Class</variable>
                        <term>2.0</term>
                    </clause>
                </then>
            </consequent>
        </rule>
        <rule name="rule5" andMethod="min" connector="and" weight="1.0">
            <antecedent>
                <clause>
                    <variable>Alcohol</variable>
                    <term>very low OR low</term>
                </clause>
                <clause>
                    <variable>flavanoids</variable>
                    <term>average low</term>
                </clause>
                <clause>
                    <variable>Proline</variable>
                    <term>average low</term>
                </clause>
            </antecedent>
            <consequent>
                <then>
                    <clause>
                        <variable>Class</variable>
                        <term>2.0</term>
                    </clause>
                </then>
            </consequent>
        </rule>
        <rule name="rule6" andMethod="min" connector="and" weight="1.0">
            <antecedent>
                <clause>
                    <variable>flavanoids</variable>
                    <term>(average high) OR (high)</term>
                </clause>
                <clause>
                    <variable>Proline</variable>
                    <term>very low</term>
                </clause>
            </antecedent>
            <consequent>
                <then>
                    <clause>
                        <variable>Class</variable>
                        <term>2.0</term>
                    </clause>
                </then>
            </consequent>
        </rule>
        <rule name="rule7" andMethod="min" connector="and" weight="1.0">
            <antecedent>
                <clause>
                    <variable>Magnesium</variable>
                    <term>very low OR low</term>
                </clause>
                <clause>
                    <variable>flavanoids</variable>
                    <term>average high</term>
                </clause>
                <clause>
                    <variable>Proline</variable>
                    <term>low</term>
                </clause>
            </antecedent>
            <consequent>
                <then>
                    <clause>
                        <variable>Class</variable>
                        <term>2.0</term>
                    </clause>
                </then>
            </consequent>
        </rule>
        <rule name="rule8" andMethod="min" connector="and" weight="1.0">
            <antecedent>
                <clause>
                    <variable>AlcalinityOfAsh</variable>
                    <term>very high</term>
                </clause>
                <clause>
                    <variable>flavanoids</variable>
                    <term>average high</term>
                </clause>
                <clause>
                    <variable>Proline</variable>
                    <term>average high</term>
                </clause>
            </antecedent>
            <consequent>
                <then>
                    <clause>
                        <variable>Class</variable>
                        <term>2.0</term>
                    </clause>
                </then>
            </consequent>
        </rule>
        <rule name="rule9" andMethod="min" connector="and" weight="1.0">
            <antecedent>
                <clause>
                    <variable>flavanoids</variable>
                    <term>very high</term>
                </clause>
            </antecedent>
            <consequent>
                <then>
                    <clause>
                        <variable>Class</variable>
                        <term>2.0</term>
                    </clause>
                </then>
            </consequent>
        </rule>
        <rule name="rule10" andMethod="min" connector="and" weight="1.0">
            <antecedent>
                <clause>
                    <variable>flavanoids</variable>
                    <term>very low</term>
                </clause>
                <clause>
                    <variable>ColorIntensity</variable>
                    <term>NOT(very low)</term>
                </clause>
            </antecedent>
            <consequent>
                <then>
                    <clause>
                        <variable>Class</variable>
                        <term>3.0</term>
                    </clause>
                </then>
            </consequent>
        </rule>
        <rule name="rule11" andMethod="min" connector="and" weight="1.0">
            <antecedent>
                <clause>
                    <variable>flavanoids</variable>
                    <term>low</term>
                </clause>
                <clause>
                    <variable>ColorIntensity</variable>
                    <term>average high OR high OR very high</term>
                </clause>
            </antecedent>
            <consequent>
                <then>
                    <clause>
                        <variable>Class</variable>
                        <term>3.0</term>
                    </clause>
                </then>
            </consequent>
        </rule>
        <rule name="rule12" andMethod="min" connector="and" weight="1.0">
            <antecedent>
                <clause>
                    <variable>Alcohol</variable>
                    <term>more or less (average low OR average high OR high)</term>
                </clause>
                <clause>
                    <variable>flavanoids</variable>
                    <term>average low</term>
                </clause>
                <clause>
                    <variable>Proline</variable>
                    <term>average low</term>
                </clause>
            </antecedent>
            <consequent>
                <then>
                    <clause>
                        <variable>Class</variable>
                        <term>1.0</term>
                    </clause>
                </then>
            </consequent>
        </rule>
        <rule name="rule13" andMethod="min" connector="and" weight="1.0">
            <antecedent>
                <clause>
                    <variable>flavanoids</variable>
                    <term>(average low) OR (average high) OR (high)</term>
                </clause>
                <clause>
                    <variable>Proline</variable>
                    <term>high OR very high</term>
                </clause>
            </antecedent>
            <consequent>
                <then>
                    <clause>
                        <variable>Class</variable>
                        <term>1.0</term>
                    </clause>
                </then>
            </consequent>
        </rule>
        <rule name="rule14" andMethod="min" connector="and" weight="1.0">
            <antecedent>
                <clause>
                    <variable>Magnesium</variable>
                    <term>more or less (average low OR average high OR high)</term>
                </clause>
                <clause>
                    <variable>flavanoids</variable>
                    <term>average high</term>
                </clause>
                <clause>
                    <variable>Proline</variable>
                    <term>low</term>
                </clause>
            </antecedent>
            <consequent>
                <then>
                    <clause>
                        <variable>Class</variable>
                        <term>1.0</term>
                    </clause>
                </then>
            </consequent>
        </rule>
        <rule name="rule15" andMethod="min" connector="and" weight="1.0">
            <antecedent>
                <clause>
                    <variable>flavanoids</variable>
                    <term>(average high) OR (high)</term>
                </clause>
                <clause>
                    <variable>Proline</variable>
                    <term>average low</term>
                </clause>
            </antecedent>
            <consequent>
                <then>
                    <clause>
                        <variable>Class</variable>
                        <term>1.0</term>
                    </clause>
                </then>
            </consequent>
        </rule>
        <rule name="rule16" andMethod="min" connector="and" weight="1.0">
            <antecedent>
                <clause>
                    <variable>AlcalinityOfAsh</variable>
                    <term>more or less (more or less (more or less (more or less (high))))</term>
                </clause>
                <clause>
                    <variable>flavanoids</variable>
                    <term>average high</term>
                </clause>
                <clause>
                    <variable>Proline</variable>
                    <term>average high</term>
                </clause>
            </antecedent>
            <consequent>
                <then>
                    <clause>
                        <variable>Class</variable>
                        <term>1.0</term>
                    </clause>
                </then>
            </consequent>
        </rule>
    </mamdaniRuleBase>
</fuzzySystem>
