<?xml version="1.0" encoding="UTF-8" standalone="yes"?>
<fuzzySystem xmlns="http://www.ieee1855.org" name="New Knowledge Base - MAMDANI">
    <knowledgeBase>
        <fuzzyVariable name="Number of times pregnant" scale="" domainleft="0.0" domainright="17.0" type="input">
            <fuzzyTerm name="very low OR low" complement="false">
                <trapezoidShape param1="0.0" param2="0.0" param3="1.433" param4="3.0"/>
            </fuzzyTerm>
            <fuzzyTerm name="average low" complement="false">
                <triangularShape param1="1.433" param2="3.0" param3="4.45"/>
            </fuzzyTerm>
            <fuzzyTerm name="average high" complement="false">
                <triangularShape param1="3.0" param2="4.45" param3="7.154"/>
            </fuzzyTerm>
            <fuzzyTerm name="more or less (high)" complement="false">
                <trapezoidShape param1="4.45" param2="7.154" param3="17.0" param4="17.0"/>
            </fuzzyTerm>
        </fuzzyVariable>
        <fuzzyVariable name="Plasma glucose concentration a 2 hours in an oral glucose tolerance test" scale="" domainleft="0.0" domainright="199.0" type="input">
            <fuzzyTerm name="very low OR low OR average low" complement="false">
                <trapezoidShape param1="0.0" param2="0.0" param3="103.472" param4="123.711"/>
            </fuzzyTerm>
            <fuzzyTerm name="average high" complement="false">
                <triangularShape param1="103.472" param2="123.711" param3="147.248"/>
            </fuzzyTerm>
            <fuzzyTerm name="high" complement="false">
                <triangularShape param1="123.711" param2="147.248" param3="178.542"/>
            </fuzzyTerm>
            <fuzzyTerm name="very high" complement="false">
                <trapezoidShape param1="147.248" param2="178.542" param3="199.0" param4="199.0"/>
            </fuzzyTerm>
            <fuzzyTerm name="(average high) OR (high)" complement="false">
                <trapezoidShape param1="103.472" param2="123.711" param3="147.248" param4="178.542"/>
            </fuzzyTerm>
        </fuzzyVariable>
        <fuzzyVariable name="Diastolic blood pressure (mm Hg)" scale="" domainleft="0.0" domainright="122.0" type="input">
            <fuzzyTerm name="very low" complement="false">
                <trapezoidShape param1="0.0" param2="0.0" param3="0.0" param4="59.941"/>
            </fuzzyTerm>
            <fuzzyTerm name="low" complement="false">
                <triangularShape param1="0.0" param2="59.941" param3="67.887"/>
            </fuzzyTerm>
            <fuzzyTerm name="average low" complement="false">
                <triangularShape param1="59.941" param2="67.887" param3="74.476"/>
            </fuzzyTerm>
            <fuzzyTerm name="average high" complement="false">
                <triangularShape param1="67.887" param2="74.476" param3="80.285"/>
            </fuzzyTerm>
            <fuzzyTerm name="high" complement="false">
                <triangularShape param1="74.476" param2="80.285" param3="91.238"/>
            </fuzzyTerm>
            <fuzzyTerm name="very high" complement="false">
                <trapezoidShape param1="80.285" param2="91.238" param3="122.0" param4="122.0"/>
            </fuzzyTerm>
            <fuzzyTerm name="(high) OR (very high)" complement="false">
                <trapezoidShape param1="74.476" param2="80.285" param3="122.0" param4="122.0"/>
            </fuzzyTerm>
            <fuzzyTerm name="(very low) OR (low) OR (average low) OR (average high)" complement="false">
                <trapezoidShape param1="0.0" param2="0.0" param3="74.476" param4="80.285"/>
            </fuzzyTerm>
        </fuzzyVariable>
        <fuzzyVariable name="2-Hour serum insulin (mu U/ml)" scale="" domainleft="0.0" domainright="846.0" type="input">
            <fuzzyTerm name="very low" complement="false">
                <trapezoidShape param1="0.0" param2="0.0" param3="0.0" param4="35.499"/>
            </fuzzyTerm>
            <fuzzyTerm name="low OR average low" complement="false">
                <trapezoidShape param1="0.0" param2="35.499" param3="80.951" param4="134.974"/>
            </fuzzyTerm>
            <fuzzyTerm name="average high OR high OR very high" complement="false">
                <trapezoidShape param1="80.951" param2="134.974" param3="846.0" param4="846.0"/>
            </fuzzyTerm>
        </fuzzyVariable>
        <fuzzyVariable name="Body mass index (weight in kg/(height in m)^2)" scale="" domainleft="0.0" domainright="67.1" type="input">
            <fuzzyTerm name="very low" complement="false">
                <trapezoidShape param1="0.0" param2="0.0" param3="21.136" param4="27.606"/>
            </fuzzyTerm>
            <fuzzyTerm name="low" complement="false">
                <triangularShape param1="21.136" param2="27.606" param3="29.807"/>
            </fuzzyTerm>
            <fuzzyTerm name="average low" complement="false">
                <triangularShape param1="27.606" param2="29.807" param3="33.37"/>
            </fuzzyTerm>
            <fuzzyTerm name="average high" complement="false">
                <triangularShape param1="29.807" param2="33.37" param3="38.072"/>
            </fuzzyTerm>
            <fuzzyTerm name="high" complement="false">
                <triangularShape param1="33.37" param2="38.072" param3="46.491"/>
            </fuzzyTerm>
            <fuzzyTerm name="very high" complement="false">
                <trapezoidShape param1="38.072" param2="46.491" param3="67.1" param4="67.1"/>
            </fuzzyTerm>
            <fuzzyTerm name="(very low) OR (low)" complement="false">
                <trapezoidShape param1="0.0" param2="0.0" param3="27.606" param4="29.807"/>
            </fuzzyTerm>
            <fuzzyTerm name="(high) OR (very high)" complement="false">
                <trapezoidShape param1="33.37" param2="38.072" param3="67.1" param4="67.1"/>
            </fuzzyTerm>
        </fuzzyVariable>
        <fuzzyVariable name="Diabetes pedigree function" scale="" domainleft="0.078" domainright="2.42" type="input">
            <fuzzyTerm name="very low OR low" complement="false">
                <trapezoidShape param1="0.078" param2="0.078" param3="0.475" param4="0.765"/>
            </fuzzyTerm>
            <fuzzyTerm name="more or less (average low OR average high OR high)" complement="false">
                <trapezoidShape param1="0.475" param2="0.765" param3="2.42" param4="2.42"/>
            </fuzzyTerm>
        </fuzzyVariable>
        <fuzzyVariable name="Age (years)" scale="" domainleft="21.0" domainright="81.0" type="input">
            <fuzzyTerm name="very low OR low" complement="false">
                <trapezoidShape param1="21.0" param2="21.0" param3="32.52" param4="42.0"/>
            </fuzzyTerm>
            <fuzzyTerm name="more or less (average low OR average high)" complement="false">
                <trapezoidShape param1="32.52" param2="42.0" param3="81.0" param4="81.0"/>
            </fuzzyTerm>
        </fuzzyVariable>
        <fuzzyVariable name="Diabetes" scale="" domainleft="1.0" domainright="2.0" type="output" accumulation="MAX" defuzzifier="MOM" defaultValue="1.0">
            <fuzzyTerm name="1.0" complement="false">
                <singletonShape param1="1.0"/>
            </fuzzyTerm>
            <fuzzyTerm name="2.0" complement="false">
                <singletonShape param1="2.0"/>
            </fuzzyTerm>
        </fuzzyVariable>
    </knowledgeBase>
    <mamdaniRuleBase name="rulebase-New Knowledge Base" activationMethod="MIN" andMethod="MIN" orMethod="MAX">
        <rule name="rule1" andMethod="min" connector="and" weight="1.0">
            <antecedent>
                <clause>
                    <variable>Plasma glucose concentration a 2 hours in an oral glucose tolerance test</variable>
                    <term>very low OR low OR average low</term>
                </clause>
            </antecedent>
            <consequent>
                <then>
                    <clause>
                        <variable>Diabetes</variable>
                        <term>1.0</term>
                    </clause>
                </then>
            </consequent>
        </rule>
        <rule name="rule2" andMethod="min" connector="and" weight="1.0">
            <antecedent>
                <clause>
                    <variable>Plasma glucose concentration a 2 hours in an oral glucose tolerance test</variable>
                    <term>(average high) OR (high)</term>
                </clause>
                <clause>
                    <variable>Body mass index (weight in kg/(height in m)^2)</variable>
                    <term>(very low) OR (low)</term>
                </clause>
            </antecedent>
            <consequent>
                <then>
                    <clause>
                        <variable>Diabetes</variable>
                        <term>1.0</term>
                    </clause>
                </then>
            </consequent>
        </rule>
        <rule name="rule3" andMethod="min" connector="and" weight="1.0">
            <antecedent>
                <clause>
                    <variable>Plasma glucose concentration a 2 hours in an oral glucose tolerance test</variable>
                    <term>average high</term>
                </clause>
                <clause>
                    <variable>Body mass index (weight in kg/(height in m)^2)</variable>
                    <term>average low</term>
                </clause>
                <clause>
                    <variable>Age (years)</variable>
                    <term>very low OR low</term>
                </clause>
            </antecedent>
            <consequent>
                <then>
                    <clause>
                        <variable>Diabetes</variable>
                        <term>1.0</term>
                    </clause>
                </then>
            </consequent>
        </rule>
        <rule name="rule4" andMethod="min" connector="and" weight="1.0">
            <antecedent>
                <clause>
                    <variable>Plasma glucose concentration a 2 hours in an oral glucose tolerance test</variable>
                    <term>average high</term>
                </clause>
                <clause>
                    <variable>Body mass index (weight in kg/(height in m)^2)</variable>
                    <term>average high</term>
                </clause>
                <clause>
                    <variable>Diabetes pedigree function</variable>
                    <term>very low OR low</term>
                </clause>
            </antecedent>
            <consequent>
                <then>
                    <clause>
                        <variable>Diabetes</variable>
                        <term>1.0</term>
                    </clause>
                </then>
            </consequent>
        </rule>
        <rule name="rule5" andMethod="min" connector="and" weight="1.0">
            <antecedent>
                <clause>
                    <variable>Plasma glucose concentration a 2 hours in an oral glucose tolerance test</variable>
                    <term>average high</term>
                </clause>
                <clause>
                    <variable>Body mass index (weight in kg/(height in m)^2)</variable>
                    <term>high</term>
                </clause>
            </antecedent>
            <consequent>
                <then>
                    <clause>
                        <variable>Diabetes</variable>
                        <term>1.0</term>
                    </clause>
                </then>
            </consequent>
        </rule>
        <rule name="rule6" andMethod="min" connector="and" weight="1.0">
            <antecedent>
                <clause>
                    <variable>Number of times pregnant</variable>
                    <term>very low OR low</term>
                </clause>
                <clause>
                    <variable>Plasma glucose concentration a 2 hours in an oral glucose tolerance test</variable>
                    <term>high</term>
                </clause>
                <clause>
                    <variable>Body mass index (weight in kg/(height in m)^2)</variable>
                    <term>average low</term>
                </clause>
            </antecedent>
            <consequent>
                <then>
                    <clause>
                        <variable>Diabetes</variable>
                        <term>1.0</term>
                    </clause>
                </then>
            </consequent>
        </rule>
        <rule name="rule7" andMethod="min" connector="and" weight="1.0">
            <antecedent>
                <clause>
                    <variable>Number of times pregnant</variable>
                    <term>average high</term>
                </clause>
                <clause>
                    <variable>Plasma glucose concentration a 2 hours in an oral glucose tolerance test</variable>
                    <term>high</term>
                </clause>
                <clause>
                    <variable>Body mass index (weight in kg/(height in m)^2)</variable>
                    <term>average low</term>
                </clause>
            </antecedent>
            <consequent>
                <then>
                    <clause>
                        <variable>Diabetes</variable>
                        <term>1.0</term>
                    </clause>
                </then>
            </consequent>
        </rule>
        <rule name="rule8" andMethod="min" connector="and" weight="1.0">
            <antecedent>
                <clause>
                    <variable>Plasma glucose concentration a 2 hours in an oral glucose tolerance test</variable>
                    <term>high</term>
                </clause>
                <clause>
                    <variable>Diastolic blood pressure (mm Hg)</variable>
                    <term>high</term>
                </clause>
                <clause>
                    <variable>Body mass index (weight in kg/(height in m)^2)</variable>
                    <term>(high) OR (very high)</term>
                </clause>
            </antecedent>
            <consequent>
                <then>
                    <clause>
                        <variable>Diabetes</variable>
                        <term>1.0</term>
                    </clause>
                </then>
            </consequent>
        </rule>
        <rule name="rule9" andMethod="min" connector="and" weight="1.0">
            <antecedent>
                <clause>
                    <variable>Plasma glucose concentration a 2 hours in an oral glucose tolerance test</variable>
                    <term>very high</term>
                </clause>
                <clause>
                    <variable>Diastolic blood pressure (mm Hg)</variable>
                    <term>low</term>
                </clause>
                <clause>
                    <variable>Body mass index (weight in kg/(height in m)^2)</variable>
                    <term>low</term>
                </clause>
            </antecedent>
            <consequent>
                <then>
                    <clause>
                        <variable>Diabetes</variable>
                        <term>1.0</term>
                    </clause>
                </then>
            </consequent>
        </rule>
        <rule name="rule10" andMethod="min" connector="and" weight="1.0">
            <antecedent>
                <clause>
                    <variable>Plasma glucose concentration a 2 hours in an oral glucose tolerance test</variable>
                    <term>very high</term>
                </clause>
                <clause>
                    <variable>Diastolic blood pressure (mm Hg)</variable>
                    <term>(high) OR (very high)</term>
                </clause>
                <clause>
                    <variable>Body mass index (weight in kg/(height in m)^2)</variable>
                    <term>low</term>
                </clause>
            </antecedent>
            <consequent>
                <then>
                    <clause>
                        <variable>Diabetes</variable>
                        <term>1.0</term>
                    </clause>
                </then>
            </consequent>
        </rule>
        <rule name="rule11" andMethod="min" connector="and" weight="1.0">
            <antecedent>
                <clause>
                    <variable>Plasma glucose concentration a 2 hours in an oral glucose tolerance test</variable>
                    <term>very high</term>
                </clause>
                <clause>
                    <variable>2-Hour serum insulin (mu U/ml)</variable>
                    <term>low OR average low</term>
                </clause>
                <clause>
                    <variable>Body mass index (weight in kg/(height in m)^2)</variable>
                    <term>average high</term>
                </clause>
            </antecedent>
            <consequent>
                <then>
                    <clause>
                        <variable>Diabetes</variable>
                        <term>1.0</term>
                    </clause>
                </then>
            </consequent>
        </rule>
        <rule name="rule12" andMethod="min" connector="and" weight="1.0">
            <antecedent>
                <clause>
                    <variable>Plasma glucose concentration a 2 hours in an oral glucose tolerance test</variable>
                    <term>average high</term>
                </clause>
                <clause>
                    <variable>Body mass index (weight in kg/(height in m)^2)</variable>
                    <term>average low</term>
                </clause>
                <clause>
                    <variable>Age (years)</variable>
                    <term>more or less (average low OR average high)</term>
                </clause>
            </antecedent>
            <consequent>
                <then>
                    <clause>
                        <variable>Diabetes</variable>
                        <term>2.0</term>
                    </clause>
                </then>
            </consequent>
        </rule>
        <rule name="rule13" andMethod="min" connector="and" weight="1.0">
            <antecedent>
                <clause>
                    <variable>Plasma glucose concentration a 2 hours in an oral glucose tolerance test</variable>
                    <term>average high</term>
                </clause>
                <clause>
                    <variable>Body mass index (weight in kg/(height in m)^2)</variable>
                    <term>average high</term>
                </clause>
                <clause>
                    <variable>Diabetes pedigree function</variable>
                    <term>more or less (average low OR average high OR high)</term>
                </clause>
            </antecedent>
            <consequent>
                <then>
                    <clause>
                        <variable>Diabetes</variable>
                        <term>2.0</term>
                    </clause>
                </then>
            </consequent>
        </rule>
        <rule name="rule14" andMethod="min" connector="and" weight="1.0">
            <antecedent>
                <clause>
                    <variable>Plasma glucose concentration a 2 hours in an oral glucose tolerance test</variable>
                    <term>average high</term>
                </clause>
                <clause>
                    <variable>Body mass index (weight in kg/(height in m)^2)</variable>
                    <term>very high</term>
                </clause>
            </antecedent>
            <consequent>
                <then>
                    <clause>
                        <variable>Diabetes</variable>
                        <term>2.0</term>
                    </clause>
                </then>
            </consequent>
        </rule>
        <rule name="rule15" andMethod="min" connector="and" weight="1.0">
            <antecedent>
                <clause>
                    <variable>Number of times pregnant</variable>
                    <term>average low</term>
                </clause>
                <clause>
                    <variable>Plasma glucose concentration a 2 hours in an oral glucose tolerance test</variable>
                    <term>high</term>
                </clause>
                <clause>
                    <variable>Body mass index (weight in kg/(height in m)^2)</variable>
                    <term>average low</term>
                </clause>
            </antecedent>
            <consequent>
                <then>
                    <clause>
                        <variable>Diabetes</variable>
                        <term>2.0</term>
                    </clause>
                </then>
            </consequent>
        </rule>
        <rule name="rule16" andMethod="min" connector="and" weight="1.0">
            <antecedent>
                <clause>
                    <variable>Plasma glucose concentration a 2 hours in an oral glucose tolerance test</variable>
                    <term>high</term>
                </clause>
                <clause>
                    <variable>Body mass index (weight in kg/(height in m)^2)</variable>
                    <term>average high</term>
                </clause>
            </antecedent>
            <consequent>
                <then>
                    <clause>
                        <variable>Diabetes</variable>
                        <term>2.0</term>
                    </clause>
                </then>
            </consequent>
        </rule>
        <rule name="rule17" andMethod="min" connector="and" weight="1.0">
            <antecedent>
                <clause>
                    <variable>Plasma glucose concentration a 2 hours in an oral glucose tolerance test</variable>
                    <term>high</term>
                </clause>
                <clause>
                    <variable>Diastolic blood pressure (mm Hg)</variable>
                    <term>(very low) OR (low) OR (average low) OR (average high)</term>
                </clause>
                <clause>
                    <variable>Body mass index (weight in kg/(height in m)^2)</variable>
                    <term>(high) OR (very high)</term>
                </clause>
            </antecedent>
            <consequent>
                <then>
                    <clause>
                        <variable>Diabetes</variable>
                        <term>2.0</term>
                    </clause>
                </then>
            </consequent>
        </rule>
        <rule name="rule18" andMethod="min" connector="and" weight="1.0">
            <antecedent>
                <clause>
                    <variable>Plasma glucose concentration a 2 hours in an oral glucose tolerance test</variable>
                    <term>high</term>
                </clause>
                <clause>
                    <variable>Diastolic blood pressure (mm Hg)</variable>
                    <term>very high</term>
                </clause>
                <clause>
                    <variable>Body mass index (weight in kg/(height in m)^2)</variable>
                    <term>(high) OR (very high)</term>
                </clause>
            </antecedent>
            <consequent>
                <then>
                    <clause>
                        <variable>Diabetes</variable>
                        <term>2.0</term>
                    </clause>
                </then>
            </consequent>
        </rule>
        <rule name="rule19" andMethod="min" connector="and" weight="1.0">
            <antecedent>
                <clause>
                    <variable>Plasma glucose concentration a 2 hours in an oral glucose tolerance test</variable>
                    <term>very high</term>
                </clause>
                <clause>
                    <variable>Body mass index (weight in kg/(height in m)^2)</variable>
                    <term>very low</term>
                </clause>
            </antecedent>
            <consequent>
                <then>
                    <clause>
                        <variable>Diabetes</variable>
                        <term>2.0</term>
                    </clause>
                </then>
            </consequent>
        </rule>
        <rule name="rule20" andMethod="min" connector="and" weight="1.0">
            <antecedent>
                <clause>
                    <variable>Plasma glucose concentration a 2 hours in an oral glucose tolerance test</variable>
                    <term>very high</term>
                </clause>
                <clause>
                    <variable>Body mass index (weight in kg/(height in m)^2)</variable>
                    <term>average low</term>
                </clause>
            </antecedent>
            <consequent>
                <then>
                    <clause>
                        <variable>Diabetes</variable>
                        <term>2.0</term>
                    </clause>
                </then>
            </consequent>
        </rule>
        <rule name="rule21" andMethod="min" connector="and" weight="1.0">
            <antecedent>
                <clause>
                    <variable>Plasma glucose concentration a 2 hours in an oral glucose tolerance test</variable>
                    <term>very high</term>
                </clause>
                <clause>
                    <variable>2-Hour serum insulin (mu U/ml)</variable>
                    <term>very low</term>
                </clause>
                <clause>
                    <variable>Body mass index (weight in kg/(height in m)^2)</variable>
                    <term>average high</term>
                </clause>
            </antecedent>
            <consequent>
                <then>
                    <clause>
                        <variable>Diabetes</variable>
                        <term>2.0</term>
                    </clause>
                </then>
            </consequent>
        </rule>
        <rule name="rule22" andMethod="min" connector="and" weight="1.0">
            <antecedent>
                <clause>
                    <variable>Plasma glucose concentration a 2 hours in an oral glucose tolerance test</variable>
                    <term>very high</term>
                </clause>
                <clause>
                    <variable>2-Hour serum insulin (mu U/ml)</variable>
                    <term>average high OR high OR very high</term>
                </clause>
                <clause>
                    <variable>Body mass index (weight in kg/(height in m)^2)</variable>
                    <term>average high</term>
                </clause>
            </antecedent>
            <consequent>
                <then>
                    <clause>
                        <variable>Diabetes</variable>
                        <term>2.0</term>
                    </clause>
                </then>
            </consequent>
        </rule>
        <rule name="rule23" andMethod="min" connector="and" weight="1.0">
            <antecedent>
                <clause>
                    <variable>Plasma glucose concentration a 2 hours in an oral glucose tolerance test</variable>
                    <term>very high</term>
                </clause>
                <clause>
                    <variable>Body mass index (weight in kg/(height in m)^2)</variable>
                    <term>(high) OR (very high)</term>
                </clause>
            </antecedent>
            <consequent>
                <then>
                    <clause>
                        <variable>Diabetes</variable>
                        <term>2.0</term>
                    </clause>
                </then>
            </consequent>
        </rule>
    </mamdaniRuleBase>
</fuzzySystem>
