<?xml version="1.0" encoding="UTF-8" standalone="yes"?>
<fuzzySystem xmlns="http://www.ieee1855.org" name="New Knowledge Base - MAMDANI">
    <knowledgeBase>
        <fuzzyVariable name="Plasma glucose concentration a 2 hours in an oral glucose tolerance test" scale="" domainleft="0.0" domainright="199.0" type="input">
            <fuzzyTerm name="very low OR low OR average low" complement="false">
                <trapezoidShape param1="0.0" param2="0.0" param3="103.645" param4="123.509"/>
            </fuzzyTerm>
            <fuzzyTerm name="average high" complement="false">
                <triangularShape param1="103.645" param2="123.509" param3="147.678"/>
            </fuzzyTerm>
            <fuzzyTerm name="high" complement="false">
                <triangularShape param1="123.509" param2="147.678" param3="179.776"/>
            </fuzzyTerm>
            <fuzzyTerm name="very high" complement="false">
                <trapezoidShape param1="147.678" param2="179.776" param3="199.0" param4="199.0"/>
            </fuzzyTerm>
            <fuzzyTerm name="NOT(very low OR low OR average low)" complement="false">
                <trapezoidShape param1="103.645" param2="123.509" param3="199.0" param4="199.0"/>
            </fuzzyTerm>
            <fuzzyTerm name="(high) OR (very high)" complement="false">
                <trapezoidShape param1="123.509" param2="147.678" param3="199.0" param4="199.0"/>
            </fuzzyTerm>
        </fuzzyVariable>
        <fuzzyVariable name="Diastolic blood pressure (mm Hg)" scale="" domainleft="0.0" domainright="122.0" type="input">
            <fuzzyTerm name="very low" complement="false">
                <trapezoidShape param1="0.0" param2="0.0" param3="0.0" param4="58.688"/>
            </fuzzyTerm>
            <fuzzyTerm name="more or less (low)" complement="false">
                <trapezoidShape param1="0.0" param2="58.688" param3="122.0" param4="122.0"/>
            </fuzzyTerm>
        </fuzzyVariable>
        <fuzzyVariable name="Body mass index (weight in kg/(height in m)^2)" scale="" domainleft="0.0" domainright="67.1" type="input">
            <fuzzyTerm name="more or less (low)" complement="false">
                <trapezoidShape param1="0.0" param2="0.0" param3="23.941" param4="30.42"/>
            </fuzzyTerm>
            <fuzzyTerm name="average low OR average high OR high OR very high" complement="false">
                <trapezoidShape param1="23.941" param2="30.42" param3="67.1" param4="67.1"/>
            </fuzzyTerm>
        </fuzzyVariable>
        <fuzzyVariable name="Diabetes pedigree function" scale="" domainleft="0.078" domainright="2.42" type="input">
            <fuzzyTerm name="more or less (low)" complement="false">
                <trapezoidShape param1="0.078" param2="0.078" param3="0.486" param4="0.779"/>
            </fuzzyTerm>
            <fuzzyTerm name="average low OR average high OR high OR very high" complement="false">
                <trapezoidShape param1="0.486" param2="0.779" param3="2.42" param4="2.42"/>
            </fuzzyTerm>
        </fuzzyVariable>
        <fuzzyVariable name="Age (years)" scale="" domainleft="21.0" domainright="81.0" type="input">
            <fuzzyTerm name="very low" complement="false">
                <trapezoidShape param1="21.0" param2="21.0" param3="24.003" param4="32.568"/>
            </fuzzyTerm>
            <fuzzyTerm name="low" complement="false">
                <triangularShape param1="24.003" param2="32.568" param3="42.12"/>
            </fuzzyTerm>
            <fuzzyTerm name="average low" complement="false">
                <triangularShape param1="32.568" param2="42.12" param3="52.554"/>
            </fuzzyTerm>
            <fuzzyTerm name="average high" complement="false">
                <triangularShape param1="42.12" param2="52.554" param3="63.906"/>
            </fuzzyTerm>
            <fuzzyTerm name="high" complement="false">
                <triangularShape param1="52.554" param2="63.906" param3="81.0"/>
            </fuzzyTerm>
            <fuzzyTerm name="very high" complement="false">
                <trapezoidShape param1="63.906" param2="81.0" param3="81.0" param4="81.0"/>
            </fuzzyTerm>
            <fuzzyTerm name="(average high) OR (high) OR (very high)" complement="false">
                <trapezoidShape param1="42.12" param2="52.554" param3="81.0" param4="81.0"/>
            </fuzzyTerm>
            <fuzzyTerm name="(high) OR (very high)" complement="false">
                <trapezoidShape param1="52.554" param2="63.906" param3="81.0" param4="81.0"/>
            </fuzzyTerm>
        </fuzzyVariable>
        <fuzzyVariable name="Diabetes" scale="" domainleft="1.0" domainright="2.0" type="output" accumulation="MAX" defuzzifier="MOM" defaultValue="1.0">
            <fuzzyTerm name="1.0" complement="false">
                <singletonShape param1="1.0"/>
            </fuzzyTerm>
            <fuzzyTerm name="2.0" complement="false">
                <singletonShape param1="2.0"/>
            </fuzzyTerm>
        </fuzzyVariable>
    </knowledgeBase>
    <mamdaniRuleBase name="rulebase-New Knowledge Base" activationMethod="MIN" andMethod="MIN" orMethod="MAX">
        <rule name="rule1" andMethod="min" connector="and" weight="1.0">
            <antecedent>
                <clause>
                    <variable>Plasma glucose concentration a 2 hours in an oral glucose tolerance test</variable>
                    <term>very low OR low OR average low</term>
                </clause>
            </antecedent>
            <consequent>
                <then>
                    <clause>
                        <variable>Diabetes</variable>
                        <term>1.0</term>
                    </clause>
                </then>
            </consequent>
        </rule>
        <rule name="rule2" andMethod="min" connector="and" weight="1.0">
            <antecedent>
                <clause>
                    <variable>Plasma glucose concentration a 2 hours in an oral glucose tolerance test</variable>
                    <term>average high</term>
                </clause>
                <clause>
                    <variable>Age (years)</variable>
                    <term>very low</term>
                </clause>
            </antecedent>
            <consequent>
                <then>
                    <clause>
                        <variable>Diabetes</variable>
                        <term>1.0</term>
                    </clause>
                </then>
            </consequent>
        </rule>
        <rule name="rule3" andMethod="min" connector="and" weight="1.0">
            <antecedent>
                <clause>
                    <variable>Plasma glucose concentration a 2 hours in an oral glucose tolerance test</variable>
                    <term>average high</term>
                </clause>
                <clause>
                    <variable>Diabetes pedigree function</variable>
                    <term>more or less (low)</term>
                </clause>
                <clause>
                    <variable>Age (years)</variable>
                    <term>low</term>
                </clause>
            </antecedent>
            <consequent>
                <then>
                    <clause>
                        <variable>Diabetes</variable>
                        <term>1.0</term>
                    </clause>
                </then>
            </consequent>
        </rule>
        <rule name="rule4" andMethod="min" connector="and" weight="1.0">
            <antecedent>
                <clause>
                    <variable>Plasma glucose concentration a 2 hours in an oral glucose tolerance test</variable>
                    <term>average high</term>
                </clause>
                <clause>
                    <variable>Age (years)</variable>
                    <term>(average high) OR (high) OR (very high)</term>
                </clause>
            </antecedent>
            <consequent>
                <then>
                    <clause>
                        <variable>Diabetes</variable>
                        <term>1.0</term>
                    </clause>
                </then>
            </consequent>
        </rule>
        <rule name="rule5" andMethod="min" connector="and" weight="1.0">
            <antecedent>
                <clause>
                    <variable>Plasma glucose concentration a 2 hours in an oral glucose tolerance test</variable>
                    <term>high</term>
                </clause>
                <clause>
                    <variable>Diastolic blood pressure (mm Hg)</variable>
                    <term>more or less (low)</term>
                </clause>
                <clause>
                    <variable>Age (years)</variable>
                    <term>very low</term>
                </clause>
            </antecedent>
            <consequent>
                <then>
                    <clause>
                        <variable>Diabetes</variable>
                        <term>1.0</term>
                    </clause>
                </then>
            </consequent>
        </rule>
        <rule name="rule6" andMethod="min" connector="and" weight="1.0">
            <antecedent>
                <clause>
                    <variable>Plasma glucose concentration a 2 hours in an oral glucose tolerance test</variable>
                    <term>high</term>
                </clause>
                <clause>
                    <variable>Age (years)</variable>
                    <term>(high) OR (very high)</term>
                </clause>
            </antecedent>
            <consequent>
                <then>
                    <clause>
                        <variable>Diabetes</variable>
                        <term>1.0</term>
                    </clause>
                </then>
            </consequent>
        </rule>
        <rule name="rule7" andMethod="min" connector="and" weight="1.0">
            <antecedent>
                <clause>
                    <variable>Plasma glucose concentration a 2 hours in an oral glucose tolerance test</variable>
                    <term>very high</term>
                </clause>
                <clause>
                    <variable>Body mass index (weight in kg/(height in m)^2)</variable>
                    <term>more or less (low)</term>
                </clause>
                <clause>
                    <variable>Age (years)</variable>
                    <term>very low</term>
                </clause>
            </antecedent>
            <consequent>
                <then>
                    <clause>
                        <variable>Diabetes</variable>
                        <term>1.0</term>
                    </clause>
                </then>
            </consequent>
        </rule>
        <rule name="rule8" andMethod="min" connector="and" weight="1.0">
            <antecedent>
                <clause>
                    <variable>Plasma glucose concentration a 2 hours in an oral glucose tolerance test</variable>
                    <term>average high</term>
                </clause>
                <clause>
                    <variable>Diabetes pedigree function</variable>
                    <term>average low OR average high OR high OR very high</term>
                </clause>
                <clause>
                    <variable>Age (years)</variable>
                    <term>low</term>
                </clause>
            </antecedent>
            <consequent>
                <then>
                    <clause>
                        <variable>Diabetes</variable>
                        <term>2.0</term>
                    </clause>
                </then>
            </consequent>
        </rule>
        <rule name="rule9" andMethod="min" connector="and" weight="1.0">
            <antecedent>
                <clause>
                    <variable>Plasma glucose concentration a 2 hours in an oral glucose tolerance test</variable>
                    <term>NOT(very low OR low OR average low)</term>
                </clause>
                <clause>
                    <variable>Age (years)</variable>
                    <term>average low</term>
                </clause>
            </antecedent>
            <consequent>
                <then>
                    <clause>
                        <variable>Diabetes</variable>
                        <term>2.0</term>
                    </clause>
                </then>
            </consequent>
        </rule>
        <rule name="rule10" andMethod="min" connector="and" weight="1.0">
            <antecedent>
                <clause>
                    <variable>Plasma glucose concentration a 2 hours in an oral glucose tolerance test</variable>
                    <term>high</term>
                </clause>
                <clause>
                    <variable>Diastolic blood pressure (mm Hg)</variable>
                    <term>very low</term>
                </clause>
                <clause>
                    <variable>Age (years)</variable>
                    <term>very low</term>
                </clause>
            </antecedent>
            <consequent>
                <then>
                    <clause>
                        <variable>Diabetes</variable>
                        <term>2.0</term>
                    </clause>
                </then>
            </consequent>
        </rule>
        <rule name="rule11" andMethod="min" connector="and" weight="1.0">
            <antecedent>
                <clause>
                    <variable>Plasma glucose concentration a 2 hours in an oral glucose tolerance test</variable>
                    <term>(high) OR (very high)</term>
                </clause>
                <clause>
                    <variable>Age (years)</variable>
                    <term>low</term>
                </clause>
            </antecedent>
            <consequent>
                <then>
                    <clause>
                        <variable>Diabetes</variable>
                        <term>2.0</term>
                    </clause>
                </then>
            </consequent>
        </rule>
        <rule name="rule12" andMethod="min" connector="and" weight="1.0">
            <antecedent>
                <clause>
                    <variable>Plasma glucose concentration a 2 hours in an oral glucose tolerance test</variable>
                    <term>(high) OR (very high)</term>
                </clause>
                <clause>
                    <variable>Age (years)</variable>
                    <term>average high</term>
                </clause>
            </antecedent>
            <consequent>
                <then>
                    <clause>
                        <variable>Diabetes</variable>
                        <term>2.0</term>
                    </clause>
                </then>
            </consequent>
        </rule>
        <rule name="rule13" andMethod="min" connector="and" weight="1.0">
            <antecedent>
                <clause>
                    <variable>Plasma glucose concentration a 2 hours in an oral glucose tolerance test</variable>
                    <term>very high</term>
                </clause>
                <clause>
                    <variable>Body mass index (weight in kg/(height in m)^2)</variable>
                    <term>average low OR average high OR high OR very high</term>
                </clause>
                <clause>
                    <variable>Age (years)</variable>
                    <term>very low</term>
                </clause>
            </antecedent>
            <consequent>
                <then>
                    <clause>
                        <variable>Diabetes</variable>
                        <term>2.0</term>
                    </clause>
                </then>
            </consequent>
        </rule>
        <rule name="rule14" andMethod="min" connector="and" weight="1.0">
            <antecedent>
                <clause>
                    <variable>Plasma glucose concentration a 2 hours in an oral glucose tolerance test</variable>
                    <term>very high</term>
                </clause>
                <clause>
                    <variable>Age (years)</variable>
                    <term>high</term>
                </clause>
            </antecedent>
            <consequent>
                <then>
                    <clause>
                        <variable>Diabetes</variable>
                        <term>2.0</term>
                    </clause>
                </then>
            </consequent>
        </rule>
    </mamdaniRuleBase>
</fuzzySystem>
