<?xml version="1.0" encoding="UTF-8" standalone="yes"?>
<fuzzySystem xmlns="http://www.ieee1855.org" name="New Knowledge Base - MAMDANI">
    <knowledgeBase>
        <fuzzyVariable name="Number of times pregnant" scale="" domainleft="0.0" domainright="17.0" type="input">
            <fuzzyTerm name="very_low" complement="false">
                <trapezoidShape param1="0.0" param2="0.0" param3="0.557" param4="3.275"/>
            </fuzzyTerm>
            <fuzzyTerm name="low" complement="false">
                <triangularShape param1="0.557" param2="3.275" param3="6.955"/>
            </fuzzyTerm>
            <fuzzyTerm name="average_low" complement="false">
                <triangularShape param1="3.275" param2="6.955" param3="9.721"/>
            </fuzzyTerm>
            <fuzzyTerm name="average_high" complement="false">
                <triangularShape param1="6.955" param2="9.721" param3="12.632"/>
            </fuzzyTerm>
            <fuzzyTerm name="high" complement="false">
                <triangularShape param1="9.721" param2="12.632" param3="16.0"/>
            </fuzzyTerm>
            <fuzzyTerm name="very_high" complement="false">
                <trapezoidShape param1="12.632" param2="16.0" param3="17.0" param4="17.0"/>
            </fuzzyTerm>
        </fuzzyVariable>
        <fuzzyVariable name="Plasma glucose concentration a 2 hours in an oral glucose tolerance test" scale="" domainleft="0.0" domainright="199.0" type="input">
            <fuzzyTerm name="very_low" complement="false">
                <trapezoidShape param1="0.0" param2="0.0" param3="0.0" param4="81.897"/>
            </fuzzyTerm>
            <fuzzyTerm name="low" complement="false">
                <triangularShape param1="0.0" param2="81.897" param3="103.34"/>
            </fuzzyTerm>
            <fuzzyTerm name="average_low" complement="false">
                <triangularShape param1="81.897" param2="103.34" param3="123.448"/>
            </fuzzyTerm>
            <fuzzyTerm name="average_high" complement="false">
                <triangularShape param1="103.34" param2="123.448" param3="148.016"/>
            </fuzzyTerm>
            <fuzzyTerm name="high" complement="false">
                <triangularShape param1="123.448" param2="148.016" param3="180.85"/>
            </fuzzyTerm>
            <fuzzyTerm name="very_high" complement="false">
                <trapezoidShape param1="148.016" param2="180.85" param3="199.0" param4="199.0"/>
            </fuzzyTerm>
        </fuzzyVariable>
        <fuzzyVariable name="Diastolic blood pressure (mm Hg)" scale="" domainleft="0.0" domainright="122.0" type="input">
            <fuzzyTerm name="very_low" complement="false">
                <trapezoidShape param1="0.0" param2="0.0" param3="0.0" param4="58.821"/>
            </fuzzyTerm>
            <fuzzyTerm name="low" complement="false">
                <triangularShape param1="0.0" param2="58.821" param3="67.732"/>
            </fuzzyTerm>
            <fuzzyTerm name="average_low" complement="false">
                <triangularShape param1="58.821" param2="67.732" param3="74.53"/>
            </fuzzyTerm>
            <fuzzyTerm name="average_high" complement="false">
                <triangularShape param1="67.732" param2="74.53" param3="80.646"/>
            </fuzzyTerm>
            <fuzzyTerm name="high" complement="false">
                <triangularShape param1="74.53" param2="80.646" param3="90.917"/>
            </fuzzyTerm>
            <fuzzyTerm name="very_high" complement="false">
                <trapezoidShape param1="80.646" param2="90.917" param3="122.0" param4="122.0"/>
            </fuzzyTerm>
        </fuzzyVariable>
        <fuzzyVariable name="Triceps skin fold thickness (mm)" scale="" domainleft="0.0" domainright="99.0" type="input">
            <fuzzyTerm name="very_low" complement="false">
                <trapezoidShape param1="0.0" param2="0.0" param3="0.108" param4="17.878"/>
            </fuzzyTerm>
            <fuzzyTerm name="low" complement="false">
                <triangularShape param1="0.108" param2="17.878" param3="28.926"/>
            </fuzzyTerm>
            <fuzzyTerm name="average_low" complement="false">
                <triangularShape param1="17.878" param2="28.926" param3="38.412"/>
            </fuzzyTerm>
            <fuzzyTerm name="average_high" complement="false">
                <triangularShape param1="28.926" param2="38.412" param3="48.111"/>
            </fuzzyTerm>
            <fuzzyTerm name="high" complement="false">
                <triangularShape param1="38.412" param2="48.111" param3="99.0"/>
            </fuzzyTerm>
            <fuzzyTerm name="very_high" complement="false">
                <trapezoidShape param1="48.111" param2="99.0" param3="99.0" param4="99.0"/>
            </fuzzyTerm>
        </fuzzyVariable>
        <fuzzyVariable name="2-Hour serum insulin (mu U/ml)" scale="" domainleft="0.0" domainright="846.0" type="input">
            <fuzzyTerm name="very_low" complement="false">
                <trapezoidShape param1="0.0" param2="0.0" param3="0.0" param4="39.15"/>
            </fuzzyTerm>
            <fuzzyTerm name="low" complement="false">
                <triangularShape param1="0.0" param2="39.15" param3="78.296"/>
            </fuzzyTerm>
            <fuzzyTerm name="average_low" complement="false">
                <triangularShape param1="39.15" param2="78.296" param3="137.897"/>
            </fuzzyTerm>
            <fuzzyTerm name="average_high" complement="false">
                <triangularShape param1="78.296" param2="137.897" param3="267.24"/>
            </fuzzyTerm>
            <fuzzyTerm name="high" complement="false">
                <triangularShape param1="137.897" param2="267.24" param3="627.355"/>
            </fuzzyTerm>
            <fuzzyTerm name="very_high" complement="false">
                <trapezoidShape param1="267.24" param2="627.355" param3="846.0" param4="846.0"/>
            </fuzzyTerm>
        </fuzzyVariable>
        <fuzzyVariable name="Body mass index (weight in kg/(height in m)^2)" scale="" domainleft="0.0" domainright="67.1" type="input">
            <fuzzyTerm name="very_low" complement="false">
                <trapezoidShape param1="0.0" param2="0.0" param3="21.514" param4="27.6"/>
            </fuzzyTerm>
            <fuzzyTerm name="low" complement="false">
                <triangularShape param1="21.514" param2="27.6" param3="30.993"/>
            </fuzzyTerm>
            <fuzzyTerm name="average_low" complement="false">
                <triangularShape param1="27.6" param2="30.993" param3="34.229"/>
            </fuzzyTerm>
            <fuzzyTerm name="average_high" complement="false">
                <triangularShape param1="30.993" param2="34.229" param3="37.642"/>
            </fuzzyTerm>
            <fuzzyTerm name="high" complement="false">
                <triangularShape param1="34.229" param2="37.642" param3="45.506"/>
            </fuzzyTerm>
            <fuzzyTerm name="very_high" complement="false">
                <trapezoidShape param1="37.642" param2="45.506" param3="67.1" param4="67.1"/>
            </fuzzyTerm>
        </fuzzyVariable>
        <fuzzyVariable name="Diabetes pedigree function" scale="" domainleft="0.078" domainright="2.42" type="input">
            <fuzzyTerm name="very_low" complement="false">
                <trapezoidShape param1="0.078" param2="0.078" param3="0.233" param4="0.484"/>
            </fuzzyTerm>
            <fuzzyTerm name="low" complement="false">
                <triangularShape param1="0.233" param2="0.484" param3="0.772"/>
            </fuzzyTerm>
            <fuzzyTerm name="average_low" complement="false">
                <triangularShape param1="0.484" param2="0.772" param3="1.199"/>
            </fuzzyTerm>
            <fuzzyTerm name="average_high" complement="false">
                <triangularShape param1="0.772" param2="1.199" param3="1.734"/>
            </fuzzyTerm>
            <fuzzyTerm name="high" complement="false">
                <triangularShape param1="1.199" param2="1.734" param3="2.294"/>
            </fuzzyTerm>
            <fuzzyTerm name="very_high" complement="false">
                <trapezoidShape param1="1.734" param2="2.294" param3="2.42" param4="2.42"/>
            </fuzzyTerm>
        </fuzzyVariable>
        <fuzzyVariable name="Age (years)" scale="" domainleft="21.0" domainright="81.0" type="input">
            <fuzzyTerm name="very_low" complement="false">
                <trapezoidShape param1="21.0" param2="21.0" param3="23.93" param4="32.356"/>
            </fuzzyTerm>
            <fuzzyTerm name="low" complement="false">
                <triangularShape param1="23.93" param2="32.356" param3="41.984"/>
            </fuzzyTerm>
            <fuzzyTerm name="average_low" complement="false">
                <triangularShape param1="32.356" param2="41.984" param3="52.817"/>
            </fuzzyTerm>
            <fuzzyTerm name="average_high" complement="false">
                <triangularShape param1="41.984" param2="52.817" param3="64.31"/>
            </fuzzyTerm>
            <fuzzyTerm name="high" complement="false">
                <triangularShape param1="52.817" param2="64.31" param3="81.0"/>
            </fuzzyTerm>
            <fuzzyTerm name="very_high" complement="false">
                <trapezoidShape param1="64.31" param2="81.0" param3="81.0" param4="81.0"/>
            </fuzzyTerm>
        </fuzzyVariable>
        <fuzzyVariable name="Diabetes" scale="" domainleft="1.0" domainright="2.0" type="output" accumulation="MAX" defuzzifier="MOM" defaultValue="1.0">
            <fuzzyTerm name="1.0" complement="false">
                <singletonShape param1="1.0"/>
            </fuzzyTerm>
            <fuzzyTerm name="2.0" complement="false">
                <singletonShape param1="2.0"/>
            </fuzzyTerm>
        </fuzzyVariable>
    </knowledgeBase>
    <mamdaniRuleBase name="rulebase-New Knowledge Base" activationMethod="MIN" andMethod="MIN" orMethod="MAX">
        <rule name="rule1" andMethod="min" connector="and" weight="1.0">
            <antecedent>
                <clause>
                    <variable>Plasma glucose concentration a 2 hours in an oral glucose tolerance test</variable>
                    <term>very_low</term>
                </clause>
            </antecedent>
            <consequent>
                <then>
                    <clause>
                        <variable>Diabetes</variable>
                        <term>1.0</term>
                    </clause>
                </then>
            </consequent>
        </rule>
        <rule name="rule2" andMethod="min" connector="and" weight="1.0">
            <antecedent>
                <clause>
                    <variable>Plasma glucose concentration a 2 hours in an oral glucose tolerance test</variable>
                    <term>low</term>
                </clause>
            </antecedent>
            <consequent>
                <then>
                    <clause>
                        <variable>Diabetes</variable>
                        <term>1.0</term>
                    </clause>
                </then>
            </consequent>
        </rule>
        <rule name="rule3" andMethod="min" connector="and" weight="1.0">
            <antecedent>
                <clause>
                    <variable>Plasma glucose concentration a 2 hours in an oral glucose tolerance test</variable>
                    <term>average_low</term>
                </clause>
            </antecedent>
            <consequent>
                <then>
                    <clause>
                        <variable>Diabetes</variable>
                        <term>1.0</term>
                    </clause>
                </then>
            </consequent>
        </rule>
        <rule name="rule4" andMethod="min" connector="and" weight="1.0">
            <antecedent>
                <clause>
                    <variable>Plasma glucose concentration a 2 hours in an oral glucose tolerance test</variable>
                    <term>average_high</term>
                </clause>
                <clause>
                    <variable>Body mass index (weight in kg/(height in m)^2)</variable>
                    <term>very_low</term>
                </clause>
            </antecedent>
            <consequent>
                <then>
                    <clause>
                        <variable>Diabetes</variable>
                        <term>1.0</term>
                    </clause>
                </then>
            </consequent>
        </rule>
        <rule name="rule5" andMethod="min" connector="and" weight="1.0">
            <antecedent>
                <clause>
                    <variable>Plasma glucose concentration a 2 hours in an oral glucose tolerance test</variable>
                    <term>average_high</term>
                </clause>
                <clause>
                    <variable>Body mass index (weight in kg/(height in m)^2)</variable>
                    <term>low</term>
                </clause>
            </antecedent>
            <consequent>
                <then>
                    <clause>
                        <variable>Diabetes</variable>
                        <term>1.0</term>
                    </clause>
                </then>
            </consequent>
        </rule>
        <rule name="rule6" andMethod="min" connector="and" weight="1.0">
            <antecedent>
                <clause>
                    <variable>Plasma glucose concentration a 2 hours in an oral glucose tolerance test</variable>
                    <term>average_high</term>
                </clause>
                <clause>
                    <variable>Body mass index (weight in kg/(height in m)^2)</variable>
                    <term>average_low</term>
                </clause>
            </antecedent>
            <consequent>
                <then>
                    <clause>
                        <variable>Diabetes</variable>
                        <term>1.0</term>
                    </clause>
                </then>
            </consequent>
        </rule>
        <rule name="rule7" andMethod="min" connector="and" weight="1.0">
            <antecedent>
                <clause>
                    <variable>Plasma glucose concentration a 2 hours in an oral glucose tolerance test</variable>
                    <term>average_high</term>
                </clause>
                <clause>
                    <variable>Body mass index (weight in kg/(height in m)^2)</variable>
                    <term>average_high</term>
                </clause>
            </antecedent>
            <consequent>
                <then>
                    <clause>
                        <variable>Diabetes</variable>
                        <term>1.0</term>
                    </clause>
                </then>
            </consequent>
        </rule>
        <rule name="rule8" andMethod="min" connector="and" weight="1.0">
            <antecedent>
                <clause>
                    <variable>Number of times pregnant</variable>
                    <term>very_low</term>
                </clause>
                <clause>
                    <variable>Plasma glucose concentration a 2 hours in an oral glucose tolerance test</variable>
                    <term>average_high</term>
                </clause>
                <clause>
                    <variable>Body mass index (weight in kg/(height in m)^2)</variable>
                    <term>high</term>
                </clause>
            </antecedent>
            <consequent>
                <then>
                    <clause>
                        <variable>Diabetes</variable>
                        <term>1.0</term>
                    </clause>
                </then>
            </consequent>
        </rule>
        <rule name="rule9" andMethod="min" connector="and" weight="1.0">
            <antecedent>
                <clause>
                    <variable>Number of times pregnant</variable>
                    <term>low</term>
                </clause>
                <clause>
                    <variable>Plasma glucose concentration a 2 hours in an oral glucose tolerance test</variable>
                    <term>average_high</term>
                </clause>
                <clause>
                    <variable>Body mass index (weight in kg/(height in m)^2)</variable>
                    <term>high</term>
                </clause>
            </antecedent>
            <consequent>
                <then>
                    <clause>
                        <variable>Diabetes</variable>
                        <term>1.0</term>
                    </clause>
                </then>
            </consequent>
        </rule>
        <rule name="rule10" andMethod="min" connector="and" weight="1.0">
            <antecedent>
                <clause>
                    <variable>Number of times pregnant</variable>
                    <term>average_low</term>
                </clause>
                <clause>
                    <variable>Plasma glucose concentration a 2 hours in an oral glucose tolerance test</variable>
                    <term>average_high</term>
                </clause>
                <clause>
                    <variable>Body mass index (weight in kg/(height in m)^2)</variable>
                    <term>high</term>
                </clause>
            </antecedent>
            <consequent>
                <then>
                    <clause>
                        <variable>Diabetes</variable>
                        <term>1.0</term>
                    </clause>
                </then>
            </consequent>
        </rule>
        <rule name="rule11" andMethod="min" connector="and" weight="1.0">
            <antecedent>
                <clause>
                    <variable>Number of times pregnant</variable>
                    <term>average_high</term>
                </clause>
                <clause>
                    <variable>Plasma glucose concentration a 2 hours in an oral glucose tolerance test</variable>
                    <term>average_high</term>
                </clause>
                <clause>
                    <variable>Body mass index (weight in kg/(height in m)^2)</variable>
                    <term>high</term>
                </clause>
            </antecedent>
            <consequent>
                <then>
                    <clause>
                        <variable>Diabetes</variable>
                        <term>1.0</term>
                    </clause>
                </then>
            </consequent>
        </rule>
        <rule name="rule12" andMethod="min" connector="and" weight="1.0">
            <antecedent>
                <clause>
                    <variable>Number of times pregnant</variable>
                    <term>high</term>
                </clause>
                <clause>
                    <variable>Plasma glucose concentration a 2 hours in an oral glucose tolerance test</variable>
                    <term>average_high</term>
                </clause>
                <clause>
                    <variable>Body mass index (weight in kg/(height in m)^2)</variable>
                    <term>high</term>
                </clause>
            </antecedent>
            <consequent>
                <then>
                    <clause>
                        <variable>Diabetes</variable>
                        <term>2.0</term>
                    </clause>
                </then>
            </consequent>
        </rule>
        <rule name="rule13" andMethod="min" connector="and" weight="1.0">
            <antecedent>
                <clause>
                    <variable>Number of times pregnant</variable>
                    <term>very_high</term>
                </clause>
                <clause>
                    <variable>Plasma glucose concentration a 2 hours in an oral glucose tolerance test</variable>
                    <term>average_high</term>
                </clause>
                <clause>
                    <variable>Body mass index (weight in kg/(height in m)^2)</variable>
                    <term>high</term>
                </clause>
            </antecedent>
            <consequent>
                <then>
                    <clause>
                        <variable>Diabetes</variable>
                        <term>2.0</term>
                    </clause>
                </then>
            </consequent>
        </rule>
        <rule name="rule14" andMethod="min" connector="and" weight="1.0">
            <antecedent>
                <clause>
                    <variable>Number of times pregnant</variable>
                    <term>very_low</term>
                </clause>
                <clause>
                    <variable>Plasma glucose concentration a 2 hours in an oral glucose tolerance test</variable>
                    <term>average_high</term>
                </clause>
                <clause>
                    <variable>Body mass index (weight in kg/(height in m)^2)</variable>
                    <term>very_high</term>
                </clause>
            </antecedent>
            <consequent>
                <then>
                    <clause>
                        <variable>Diabetes</variable>
                        <term>2.0</term>
                    </clause>
                </then>
            </consequent>
        </rule>
        <rule name="rule15" andMethod="min" connector="and" weight="1.0">
            <antecedent>
                <clause>
                    <variable>Number of times pregnant</variable>
                    <term>low</term>
                </clause>
                <clause>
                    <variable>Plasma glucose concentration a 2 hours in an oral glucose tolerance test</variable>
                    <term>average_high</term>
                </clause>
                <clause>
                    <variable>Body mass index (weight in kg/(height in m)^2)</variable>
                    <term>very_high</term>
                </clause>
            </antecedent>
            <consequent>
                <then>
                    <clause>
                        <variable>Diabetes</variable>
                        <term>1.0</term>
                    </clause>
                </then>
            </consequent>
        </rule>
        <rule name="rule16" andMethod="min" connector="and" weight="1.0">
            <antecedent>
                <clause>
                    <variable>Number of times pregnant</variable>
                    <term>average_low</term>
                </clause>
                <clause>
                    <variable>Plasma glucose concentration a 2 hours in an oral glucose tolerance test</variable>
                    <term>average_high</term>
                </clause>
                <clause>
                    <variable>Body mass index (weight in kg/(height in m)^2)</variable>
                    <term>very_high</term>
                </clause>
            </antecedent>
            <consequent>
                <then>
                    <clause>
                        <variable>Diabetes</variable>
                        <term>2.0</term>
                    </clause>
                </then>
            </consequent>
        </rule>
        <rule name="rule17" andMethod="min" connector="and" weight="1.0">
            <antecedent>
                <clause>
                    <variable>Number of times pregnant</variable>
                    <term>average_high</term>
                </clause>
                <clause>
                    <variable>Plasma glucose concentration a 2 hours in an oral glucose tolerance test</variable>
                    <term>average_high</term>
                </clause>
                <clause>
                    <variable>Body mass index (weight in kg/(height in m)^2)</variable>
                    <term>very_high</term>
                </clause>
            </antecedent>
            <consequent>
                <then>
                    <clause>
                        <variable>Diabetes</variable>
                        <term>2.0</term>
                    </clause>
                </then>
            </consequent>
        </rule>
        <rule name="rule18" andMethod="min" connector="and" weight="1.0">
            <antecedent>
                <clause>
                    <variable>Number of times pregnant</variable>
                    <term>high</term>
                </clause>
                <clause>
                    <variable>Plasma glucose concentration a 2 hours in an oral glucose tolerance test</variable>
                    <term>average_high</term>
                </clause>
                <clause>
                    <variable>Body mass index (weight in kg/(height in m)^2)</variable>
                    <term>very_high</term>
                </clause>
            </antecedent>
            <consequent>
                <then>
                    <clause>
                        <variable>Diabetes</variable>
                        <term>2.0</term>
                    </clause>
                </then>
            </consequent>
        </rule>
        <rule name="rule19" andMethod="min" connector="and" weight="1.0">
            <antecedent>
                <clause>
                    <variable>Plasma glucose concentration a 2 hours in an oral glucose tolerance test</variable>
                    <term>high</term>
                </clause>
                <clause>
                    <variable>Body mass index (weight in kg/(height in m)^2)</variable>
                    <term>very_low</term>
                </clause>
            </antecedent>
            <consequent>
                <then>
                    <clause>
                        <variable>Diabetes</variable>
                        <term>1.0</term>
                    </clause>
                </then>
            </consequent>
        </rule>
        <rule name="rule20" andMethod="min" connector="and" weight="1.0">
            <antecedent>
                <clause>
                    <variable>Plasma glucose concentration a 2 hours in an oral glucose tolerance test</variable>
                    <term>high</term>
                </clause>
                <clause>
                    <variable>Body mass index (weight in kg/(height in m)^2)</variable>
                    <term>low</term>
                </clause>
            </antecedent>
            <consequent>
                <then>
                    <clause>
                        <variable>Diabetes</variable>
                        <term>1.0</term>
                    </clause>
                </then>
            </consequent>
        </rule>
        <rule name="rule21" andMethod="min" connector="and" weight="1.0">
            <antecedent>
                <clause>
                    <variable>Plasma glucose concentration a 2 hours in an oral glucose tolerance test</variable>
                    <term>high</term>
                </clause>
                <clause>
                    <variable>Body mass index (weight in kg/(height in m)^2)</variable>
                    <term>average_low</term>
                </clause>
                <clause>
                    <variable>Age (years)</variable>
                    <term>very_low</term>
                </clause>
            </antecedent>
            <consequent>
                <then>
                    <clause>
                        <variable>Diabetes</variable>
                        <term>1.0</term>
                    </clause>
                </then>
            </consequent>
        </rule>
        <rule name="rule22" andMethod="min" connector="and" weight="1.0">
            <antecedent>
                <clause>
                    <variable>Plasma glucose concentration a 2 hours in an oral glucose tolerance test</variable>
                    <term>high</term>
                </clause>
                <clause>
                    <variable>Body mass index (weight in kg/(height in m)^2)</variable>
                    <term>average_low</term>
                </clause>
                <clause>
                    <variable>Age (years)</variable>
                    <term>low</term>
                </clause>
            </antecedent>
            <consequent>
                <then>
                    <clause>
                        <variable>Diabetes</variable>
                        <term>1.0</term>
                    </clause>
                </then>
            </consequent>
        </rule>
        <rule name="rule23" andMethod="min" connector="and" weight="1.0">
            <antecedent>
                <clause>
                    <variable>Plasma glucose concentration a 2 hours in an oral glucose tolerance test</variable>
                    <term>high</term>
                </clause>
                <clause>
                    <variable>Body mass index (weight in kg/(height in m)^2)</variable>
                    <term>average_low</term>
                </clause>
                <clause>
                    <variable>Age (years)</variable>
                    <term>average_low</term>
                </clause>
            </antecedent>
            <consequent>
                <then>
                    <clause>
                        <variable>Diabetes</variable>
                        <term>2.0</term>
                    </clause>
                </then>
            </consequent>
        </rule>
        <rule name="rule24" andMethod="min" connector="and" weight="1.0">
            <antecedent>
                <clause>
                    <variable>Plasma glucose concentration a 2 hours in an oral glucose tolerance test</variable>
                    <term>high</term>
                </clause>
                <clause>
                    <variable>Body mass index (weight in kg/(height in m)^2)</variable>
                    <term>average_low</term>
                </clause>
                <clause>
                    <variable>Age (years)</variable>
                    <term>average_high</term>
                </clause>
            </antecedent>
            <consequent>
                <then>
                    <clause>
                        <variable>Diabetes</variable>
                        <term>2.0</term>
                    </clause>
                </then>
            </consequent>
        </rule>
        <rule name="rule25" andMethod="min" connector="and" weight="1.0">
            <antecedent>
                <clause>
                    <variable>Plasma glucose concentration a 2 hours in an oral glucose tolerance test</variable>
                    <term>high</term>
                </clause>
                <clause>
                    <variable>Body mass index (weight in kg/(height in m)^2)</variable>
                    <term>average_low</term>
                </clause>
                <clause>
                    <variable>Age (years)</variable>
                    <term>high</term>
                </clause>
            </antecedent>
            <consequent>
                <then>
                    <clause>
                        <variable>Diabetes</variable>
                        <term>2.0</term>
                    </clause>
                </then>
            </consequent>
        </rule>
        <rule name="rule26" andMethod="min" connector="and" weight="1.0">
            <antecedent>
                <clause>
                    <variable>Plasma glucose concentration a 2 hours in an oral glucose tolerance test</variable>
                    <term>high</term>
                </clause>
                <clause>
                    <variable>Body mass index (weight in kg/(height in m)^2)</variable>
                    <term>average_low</term>
                </clause>
                <clause>
                    <variable>Age (years)</variable>
                    <term>very_high</term>
                </clause>
            </antecedent>
            <consequent>
                <then>
                    <clause>
                        <variable>Diabetes</variable>
                        <term>2.0</term>
                    </clause>
                </then>
            </consequent>
        </rule>
        <rule name="rule27" andMethod="min" connector="and" weight="1.0">
            <antecedent>
                <clause>
                    <variable>Plasma glucose concentration a 2 hours in an oral glucose tolerance test</variable>
                    <term>high</term>
                </clause>
                <clause>
                    <variable>Body mass index (weight in kg/(height in m)^2)</variable>
                    <term>average_high</term>
                </clause>
            </antecedent>
            <consequent>
                <then>
                    <clause>
                        <variable>Diabetes</variable>
                        <term>2.0</term>
                    </clause>
                </then>
            </consequent>
        </rule>
        <rule name="rule28" andMethod="min" connector="and" weight="1.0">
            <antecedent>
                <clause>
                    <variable>Number of times pregnant</variable>
                    <term>very_low</term>
                </clause>
                <clause>
                    <variable>Plasma glucose concentration a 2 hours in an oral glucose tolerance test</variable>
                    <term>high</term>
                </clause>
                <clause>
                    <variable>Body mass index (weight in kg/(height in m)^2)</variable>
                    <term>high</term>
                </clause>
            </antecedent>
            <consequent>
                <then>
                    <clause>
                        <variable>Diabetes</variable>
                        <term>1.0</term>
                    </clause>
                </then>
            </consequent>
        </rule>
        <rule name="rule29" andMethod="min" connector="and" weight="1.0">
            <antecedent>
                <clause>
                    <variable>Number of times pregnant</variable>
                    <term>low</term>
                </clause>
                <clause>
                    <variable>Plasma glucose concentration a 2 hours in an oral glucose tolerance test</variable>
                    <term>high</term>
                </clause>
                <clause>
                    <variable>Body mass index (weight in kg/(height in m)^2)</variable>
                    <term>high</term>
                </clause>
            </antecedent>
            <consequent>
                <then>
                    <clause>
                        <variable>Diabetes</variable>
                        <term>2.0</term>
                    </clause>
                </then>
            </consequent>
        </rule>
        <rule name="rule30" andMethod="min" connector="and" weight="1.0">
            <antecedent>
                <clause>
                    <variable>Number of times pregnant</variable>
                    <term>average_low</term>
                </clause>
                <clause>
                    <variable>Plasma glucose concentration a 2 hours in an oral glucose tolerance test</variable>
                    <term>high</term>
                </clause>
                <clause>
                    <variable>Body mass index (weight in kg/(height in m)^2)</variable>
                    <term>high</term>
                </clause>
            </antecedent>
            <consequent>
                <then>
                    <clause>
                        <variable>Diabetes</variable>
                        <term>2.0</term>
                    </clause>
                </then>
            </consequent>
        </rule>
        <rule name="rule31" andMethod="min" connector="and" weight="1.0">
            <antecedent>
                <clause>
                    <variable>Number of times pregnant</variable>
                    <term>average_high</term>
                </clause>
                <clause>
                    <variable>Plasma glucose concentration a 2 hours in an oral glucose tolerance test</variable>
                    <term>high</term>
                </clause>
                <clause>
                    <variable>Body mass index (weight in kg/(height in m)^2)</variable>
                    <term>high</term>
                </clause>
            </antecedent>
            <consequent>
                <then>
                    <clause>
                        <variable>Diabetes</variable>
                        <term>2.0</term>
                    </clause>
                </then>
            </consequent>
        </rule>
        <rule name="rule32" andMethod="min" connector="and" weight="1.0">
            <antecedent>
                <clause>
                    <variable>Number of times pregnant</variable>
                    <term>high</term>
                </clause>
                <clause>
                    <variable>Plasma glucose concentration a 2 hours in an oral glucose tolerance test</variable>
                    <term>high</term>
                </clause>
                <clause>
                    <variable>Body mass index (weight in kg/(height in m)^2)</variable>
                    <term>high</term>
                </clause>
            </antecedent>
            <consequent>
                <then>
                    <clause>
                        <variable>Diabetes</variable>
                        <term>2.0</term>
                    </clause>
                </then>
            </consequent>
        </rule>
        <rule name="rule33" andMethod="min" connector="and" weight="1.0">
            <antecedent>
                <clause>
                    <variable>Number of times pregnant</variable>
                    <term>very_high</term>
                </clause>
                <clause>
                    <variable>Plasma glucose concentration a 2 hours in an oral glucose tolerance test</variable>
                    <term>high</term>
                </clause>
                <clause>
                    <variable>Body mass index (weight in kg/(height in m)^2)</variable>
                    <term>high</term>
                </clause>
            </antecedent>
            <consequent>
                <then>
                    <clause>
                        <variable>Diabetes</variable>
                        <term>2.0</term>
                    </clause>
                </then>
            </consequent>
        </rule>
        <rule name="rule34" andMethod="min" connector="and" weight="1.0">
            <antecedent>
                <clause>
                    <variable>Plasma glucose concentration a 2 hours in an oral glucose tolerance test</variable>
                    <term>high</term>
                </clause>
                <clause>
                    <variable>Body mass index (weight in kg/(height in m)^2)</variable>
                    <term>very_high</term>
                </clause>
            </antecedent>
            <consequent>
                <then>
                    <clause>
                        <variable>Diabetes</variable>
                        <term>2.0</term>
                    </clause>
                </then>
            </consequent>
        </rule>
        <rule name="rule35" andMethod="min" connector="and" weight="1.0">
            <antecedent>
                <clause>
                    <variable>Plasma glucose concentration a 2 hours in an oral glucose tolerance test</variable>
                    <term>very_high</term>
                </clause>
                <clause>
                    <variable>Body mass index (weight in kg/(height in m)^2)</variable>
                    <term>very_low</term>
                </clause>
            </antecedent>
            <consequent>
                <then>
                    <clause>
                        <variable>Diabetes</variable>
                        <term>2.0</term>
                    </clause>
                </then>
            </consequent>
        </rule>
        <rule name="rule36" andMethod="min" connector="and" weight="1.0">
            <antecedent>
                <clause>
                    <variable>Plasma glucose concentration a 2 hours in an oral glucose tolerance test</variable>
                    <term>very_high</term>
                </clause>
                <clause>
                    <variable>Body mass index (weight in kg/(height in m)^2)</variable>
                    <term>low</term>
                </clause>
                <clause>
                    <variable>Age (years)</variable>
                    <term>very_low</term>
                </clause>
            </antecedent>
            <consequent>
                <then>
                    <clause>
                        <variable>Diabetes</variable>
                        <term>1.0</term>
                    </clause>
                </then>
            </consequent>
        </rule>
        <rule name="rule37" andMethod="min" connector="and" weight="1.0">
            <antecedent>
                <clause>
                    <variable>Plasma glucose concentration a 2 hours in an oral glucose tolerance test</variable>
                    <term>very_high</term>
                </clause>
                <clause>
                    <variable>Body mass index (weight in kg/(height in m)^2)</variable>
                    <term>low</term>
                </clause>
                <clause>
                    <variable>Age (years)</variable>
                    <term>low</term>
                </clause>
            </antecedent>
            <consequent>
                <then>
                    <clause>
                        <variable>Diabetes</variable>
                        <term>2.0</term>
                    </clause>
                </then>
            </consequent>
        </rule>
        <rule name="rule38" andMethod="min" connector="and" weight="1.0">
            <antecedent>
                <clause>
                    <variable>Plasma glucose concentration a 2 hours in an oral glucose tolerance test</variable>
                    <term>very_high</term>
                </clause>
                <clause>
                    <variable>Body mass index (weight in kg/(height in m)^2)</variable>
                    <term>low</term>
                </clause>
                <clause>
                    <variable>Age (years)</variable>
                    <term>average_low</term>
                </clause>
            </antecedent>
            <consequent>
                <then>
                    <clause>
                        <variable>Diabetes</variable>
                        <term>2.0</term>
                    </clause>
                </then>
            </consequent>
        </rule>
        <rule name="rule39" andMethod="min" connector="and" weight="1.0">
            <antecedent>
                <clause>
                    <variable>Plasma glucose concentration a 2 hours in an oral glucose tolerance test</variable>
                    <term>very_high</term>
                </clause>
                <clause>
                    <variable>Body mass index (weight in kg/(height in m)^2)</variable>
                    <term>low</term>
                </clause>
                <clause>
                    <variable>Age (years)</variable>
                    <term>average_high</term>
                </clause>
            </antecedent>
            <consequent>
                <then>
                    <clause>
                        <variable>Diabetes</variable>
                        <term>2.0</term>
                    </clause>
                </then>
            </consequent>
        </rule>
        <rule name="rule40" andMethod="min" connector="and" weight="1.0">
            <antecedent>
                <clause>
                    <variable>Plasma glucose concentration a 2 hours in an oral glucose tolerance test</variable>
                    <term>very_high</term>
                </clause>
                <clause>
                    <variable>Body mass index (weight in kg/(height in m)^2)</variable>
                    <term>low</term>
                </clause>
                <clause>
                    <variable>Age (years)</variable>
                    <term>high</term>
                </clause>
            </antecedent>
            <consequent>
                <then>
                    <clause>
                        <variable>Diabetes</variable>
                        <term>1.0</term>
                    </clause>
                </then>
            </consequent>
        </rule>
        <rule name="rule41" andMethod="min" connector="and" weight="1.0">
            <antecedent>
                <clause>
                    <variable>Plasma glucose concentration a 2 hours in an oral glucose tolerance test</variable>
                    <term>very_high</term>
                </clause>
                <clause>
                    <variable>Body mass index (weight in kg/(height in m)^2)</variable>
                    <term>average_low</term>
                </clause>
            </antecedent>
            <consequent>
                <then>
                    <clause>
                        <variable>Diabetes</variable>
                        <term>2.0</term>
                    </clause>
                </then>
            </consequent>
        </rule>
        <rule name="rule42" andMethod="min" connector="and" weight="1.0">
            <antecedent>
                <clause>
                    <variable>Plasma glucose concentration a 2 hours in an oral glucose tolerance test</variable>
                    <term>very_high</term>
                </clause>
                <clause>
                    <variable>Body mass index (weight in kg/(height in m)^2)</variable>
                    <term>average_high</term>
                </clause>
            </antecedent>
            <consequent>
                <then>
                    <clause>
                        <variable>Diabetes</variable>
                        <term>2.0</term>
                    </clause>
                </then>
            </consequent>
        </rule>
        <rule name="rule43" andMethod="min" connector="and" weight="1.0">
            <antecedent>
                <clause>
                    <variable>Plasma glucose concentration a 2 hours in an oral glucose tolerance test</variable>
                    <term>very_high</term>
                </clause>
                <clause>
                    <variable>Body mass index (weight in kg/(height in m)^2)</variable>
                    <term>high</term>
                </clause>
            </antecedent>
            <consequent>
                <then>
                    <clause>
                        <variable>Diabetes</variable>
                        <term>2.0</term>
                    </clause>
                </then>
            </consequent>
        </rule>
        <rule name="rule44" andMethod="min" connector="and" weight="1.0">
            <antecedent>
                <clause>
                    <variable>Plasma glucose concentration a 2 hours in an oral glucose tolerance test</variable>
                    <term>very_high</term>
                </clause>
                <clause>
                    <variable>Body mass index (weight in kg/(height in m)^2)</variable>
                    <term>very_high</term>
                </clause>
            </antecedent>
            <consequent>
                <then>
                    <clause>
                        <variable>Diabetes</variable>
                        <term>2.0</term>
                    </clause>
                </then>
            </consequent>
        </rule>
    </mamdaniRuleBase>
</fuzzySystem>
