<?xml version="1.0" encoding="UTF-8" standalone="yes"?>
<fuzzySystem xmlns="http://www.ieee1855.org" name="New Knowledge Base - MAMDANI">
    <knowledgeBase>
        <fuzzyVariable name="Ash" scale="" domainleft="1.36" domainright="3.23" type="input">
            <fuzzyTerm name="more or less (low)" complement="false">
                <trapezoidShape param1="1.36" param2="1.36" param3="2.136" param4="2.279"/>
            </fuzzyTerm>
            <fuzzyTerm name="average low" complement="false">
                <triangularShape param1="2.136" param2="2.279" param3="2.358"/>
            </fuzzyTerm>
            <fuzzyTerm name="average high OR high OR very high" complement="false">
                <trapezoidShape param1="2.279" param2="2.358" param3="3.23" param4="3.23"/>
            </fuzzyTerm>
        </fuzzyVariable>
        <fuzzyVariable name="flavanoids" scale="" domainleft="0.34" domainright="5.08" type="input">
            <fuzzyTerm name="very low" complement="false">
                <trapezoidShape param1="0.34" param2="0.34" param3="0.666" param4="1.494"/>
            </fuzzyTerm>
            <fuzzyTerm name="low" complement="false">
                <triangularShape param1="0.666" param2="1.494" param3="2.246"/>
            </fuzzyTerm>
            <fuzzyTerm name="average low" complement="false">
                <triangularShape param1="1.494" param2="2.246" param3="2.89"/>
            </fuzzyTerm>
            <fuzzyTerm name="average high" complement="false">
                <triangularShape param1="2.246" param2="2.89" param3="3.502"/>
            </fuzzyTerm>
            <fuzzyTerm name="high" complement="false">
                <triangularShape param1="2.89" param2="3.502" param3="5.08"/>
            </fuzzyTerm>
            <fuzzyTerm name="very high" complement="false">
                <trapezoidShape param1="3.502" param2="5.08" param3="5.08" param4="5.08"/>
            </fuzzyTerm>
            <fuzzyTerm name="(very low) OR (low)" complement="false">
                <trapezoidShape param1="0.34" param2="0.34" param3="1.494" param4="2.246"/>
            </fuzzyTerm>
            <fuzzyTerm name="(average high) OR (high)" complement="false">
                <trapezoidShape param1="2.246" param2="2.89" param3="3.502" param4="5.08"/>
            </fuzzyTerm>
            <fuzzyTerm name="(average low) OR (average high) OR (high)" complement="false">
                <trapezoidShape param1="1.494" param2="2.246" param3="3.502" param4="5.08"/>
            </fuzzyTerm>
        </fuzzyVariable>
        <fuzzyVariable name="ColorIntensity" scale="" domainleft="1.28" domainright="13.0" type="input">
            <fuzzyTerm name="very low" complement="false">
                <trapezoidShape param1="1.28" param2="1.28" param3="2.521" param4="3.945"/>
            </fuzzyTerm>
            <fuzzyTerm name="low OR average low" complement="false">
                <trapezoidShape param1="2.521" param2="3.945" param3="5.467" param4="7.196"/>
            </fuzzyTerm>
            <fuzzyTerm name="more or less (average high)" complement="false">
                <trapezoidShape param1="5.467" param2="7.196" param3="13.0" param4="13.0"/>
            </fuzzyTerm>
            <fuzzyTerm name="NOT(very low)" complement="false">
                <trapezoidShape param1="2.521" param2="3.945" param3="13.0" param4="13.0"/>
            </fuzzyTerm>
        </fuzzyVariable>
        <fuzzyVariable name="OD280/OD315" scale="" domainleft="1.27" domainright="4.0" type="input">
            <fuzzyTerm name="very low" complement="false">
                <trapezoidShape param1="1.27" param2="1.27" param3="1.375" param4="1.732"/>
            </fuzzyTerm>
            <fuzzyTerm name="more or less (low)" complement="false">
                <trapezoidShape param1="1.375" param2="1.732" param3="4.0" param4="4.0"/>
            </fuzzyTerm>
        </fuzzyVariable>
        <fuzzyVariable name="Proline" scale="" domainleft="278.0" domainright="1680.0" type="input">
            <fuzzyTerm name="very low" complement="false">
                <trapezoidShape param1="278.0" param2="278.0" param3="417.952" param4="595.458"/>
            </fuzzyTerm>
            <fuzzyTerm name="low" complement="false">
                <triangularShape param1="417.952" param2="595.458" param3="793.0"/>
            </fuzzyTerm>
            <fuzzyTerm name="average low" complement="false">
                <triangularShape param1="595.458" param2="793.0" param3="1056.455"/>
            </fuzzyTerm>
            <fuzzyTerm name="average high" complement="false">
                <triangularShape param1="793.0" param2="1056.455" param3="1270.0"/>
            </fuzzyTerm>
            <fuzzyTerm name="high OR very high" complement="false">
                <trapezoidShape param1="1056.455" param2="1270.0" param3="1680.0" param4="1680.0"/>
            </fuzzyTerm>
            <fuzzyTerm name="(very low) OR (low) OR (average low)" complement="false">
                <trapezoidShape param1="278.0" param2="278.0" param3="793.0" param4="1056.455"/>
            </fuzzyTerm>
            <fuzzyTerm name="(average low) OR (average high)" complement="false">
                <trapezoidShape param1="595.458" param2="793.0" param3="1056.455" param4="1270.0"/>
            </fuzzyTerm>
        </fuzzyVariable>
        <fuzzyVariable name="Class" scale="" domainleft="1.0" domainright="3.0" type="output" accumulation="MAX" defuzzifier="MOM" defaultValue="1.0">
            <fuzzyTerm name="1.0" complement="false">
                <singletonShape param1="1.0"/>
            </fuzzyTerm>
            <fuzzyTerm name="2.0" complement="false">
                <singletonShape param1="2.0"/>
            </fuzzyTerm>
            <fuzzyTerm name="3.0" complement="false">
                <singletonShape param1="3.0"/>
            </fuzzyTerm>
        </fuzzyVariable>
    </knowledgeBase>
    <mamdaniRuleBase name="rulebase-New Knowledge Base" activationMethod="MIN" andMethod="MIN" orMethod="MAX">
        <rule name="rule1" andMethod="min" connector="and" weight="1.0">
            <antecedent>
                <clause>
                    <variable>flavanoids</variable>
                    <term>(very low) OR (low)</term>
                </clause>
                <clause>
                    <variable>ColorIntensity</variable>
                    <term>very low</term>
                </clause>
            </antecedent>
            <consequent>
                <then>
                    <clause>
                        <variable>Class</variable>
                        <term>2.0</term>
                    </clause>
                </then>
            </consequent>
        </rule>
        <rule name="rule2" andMethod="min" connector="and" weight="1.0">
            <antecedent>
                <clause>
                    <variable>flavanoids</variable>
                    <term>low</term>
                </clause>
                <clause>
                    <variable>ColorIntensity</variable>
                    <term>low OR average low</term>
                </clause>
                <clause>
                    <variable>OD280/OD315</variable>
                    <term>more or less (low)</term>
                </clause>
            </antecedent>
            <consequent>
                <then>
                    <clause>
                        <variable>Class</variable>
                        <term>2.0</term>
                    </clause>
                </then>
            </consequent>
        </rule>
        <rule name="rule3" andMethod="min" connector="and" weight="1.0">
            <antecedent>
                <clause>
                    <variable>flavanoids</variable>
                    <term>average low</term>
                </clause>
                <clause>
                    <variable>Proline</variable>
                    <term>(very low) OR (low) OR (average low)</term>
                </clause>
            </antecedent>
            <consequent>
                <then>
                    <clause>
                        <variable>Class</variable>
                        <term>2.0</term>
                    </clause>
                </then>
            </consequent>
        </rule>
        <rule name="rule4" andMethod="min" connector="and" weight="1.0">
            <antecedent>
                <clause>
                    <variable>flavanoids</variable>
                    <term>(average high) OR (high)</term>
                </clause>
                <clause>
                    <variable>Proline</variable>
                    <term>very low</term>
                </clause>
            </antecedent>
            <consequent>
                <then>
                    <clause>
                        <variable>Class</variable>
                        <term>2.0</term>
                    </clause>
                </then>
            </consequent>
        </rule>
        <rule name="rule5" andMethod="min" connector="and" weight="1.0">
            <antecedent>
                <clause>
                    <variable>Ash</variable>
                    <term>average high OR high OR very high</term>
                </clause>
                <clause>
                    <variable>flavanoids</variable>
                    <term>average high</term>
                </clause>
                <clause>
                    <variable>Proline</variable>
                    <term>low</term>
                </clause>
            </antecedent>
            <consequent>
                <then>
                    <clause>
                        <variable>Class</variable>
                        <term>2.0</term>
                    </clause>
                </then>
            </consequent>
        </rule>
        <rule name="rule6" andMethod="min" connector="and" weight="1.0">
            <antecedent>
                <clause>
                    <variable>flavanoids</variable>
                    <term>high</term>
                </clause>
                <clause>
                    <variable>Proline</variable>
                    <term>low</term>
                </clause>
            </antecedent>
            <consequent>
                <then>
                    <clause>
                        <variable>Class</variable>
                        <term>2.0</term>
                    </clause>
                </then>
            </consequent>
        </rule>
        <rule name="rule7" andMethod="min" connector="and" weight="1.0">
            <antecedent>
                <clause>
                    <variable>flavanoids</variable>
                    <term>very high</term>
                </clause>
            </antecedent>
            <consequent>
                <then>
                    <clause>
                        <variable>Class</variable>
                        <term>2.0</term>
                    </clause>
                </then>
            </consequent>
        </rule>
        <rule name="rule8" andMethod="min" connector="and" weight="1.0">
            <antecedent>
                <clause>
                    <variable>flavanoids</variable>
                    <term>very low</term>
                </clause>
                <clause>
                    <variable>ColorIntensity</variable>
                    <term>NOT(very low)</term>
                </clause>
            </antecedent>
            <consequent>
                <then>
                    <clause>
                        <variable>Class</variable>
                        <term>3.0</term>
                    </clause>
                </then>
            </consequent>
        </rule>
        <rule name="rule9" andMethod="min" connector="and" weight="1.0">
            <antecedent>
                <clause>
                    <variable>flavanoids</variable>
                    <term>average low</term>
                </clause>
                <clause>
                    <variable>ColorIntensity</variable>
                    <term>low OR average low</term>
                </clause>
                <clause>
                    <variable>Proline</variable>
                    <term>average high</term>
                </clause>
            </antecedent>
            <consequent>
                <then>
                    <clause>
                        <variable>Class</variable>
                        <term>1.0</term>
                    </clause>
                </then>
            </consequent>
        </rule>
        <rule name="rule10" andMethod="min" connector="and" weight="1.0">
            <antecedent>
                <clause>
                    <variable>flavanoids</variable>
                    <term>(average low) OR (average high) OR (high)</term>
                </clause>
                <clause>
                    <variable>Proline</variable>
                    <term>high OR very high</term>
                </clause>
            </antecedent>
            <consequent>
                <then>
                    <clause>
                        <variable>Class</variable>
                        <term>1.0</term>
                    </clause>
                </then>
            </consequent>
        </rule>
        <rule name="rule11" andMethod="min" connector="and" weight="1.0">
            <antecedent>
                <clause>
                    <variable>Ash</variable>
                    <term>average low</term>
                </clause>
                <clause>
                    <variable>flavanoids</variable>
                    <term>average high</term>
                </clause>
                <clause>
                    <variable>Proline</variable>
                    <term>low</term>
                </clause>
            </antecedent>
            <consequent>
                <then>
                    <clause>
                        <variable>Class</variable>
                        <term>1.0</term>
                    </clause>
                </then>
            </consequent>
        </rule>
        <rule name="rule12" andMethod="min" connector="and" weight="1.0">
            <antecedent>
                <clause>
                    <variable>flavanoids</variable>
                    <term>(average high) OR (high)</term>
                </clause>
                <clause>
                    <variable>Proline</variable>
                    <term>(average low) OR (average high)</term>
                </clause>
            </antecedent>
            <consequent>
                <then>
                    <clause>
                        <variable>Class</variable>
                        <term>1.0</term>
                    </clause>
                </then>
            </consequent>
        </rule>
    </mamdaniRuleBase>
</fuzzySystem>
