<?xml version="1.0" encoding="UTF-8" standalone="yes"?>
<fuzzySystem xmlns="http://www.ieee1855.org" name="New Knowledge Base - MAMDANI">
    <knowledgeBase>
        <fuzzyVariable name="Alcohol" scale="" domainleft="11.03" domainright="14.83" type="input">
            <fuzzyTerm name="more or less (low)" complement="false">
                <trapezoidShape param1="11.03" param2="11.03" param3="12.397" param4="13.03"/>
            </fuzzyTerm>
            <fuzzyTerm name="average low OR average high OR high OR very high" complement="false">
                <trapezoidShape param1="12.397" param2="13.03" param3="14.83" param4="14.83"/>
            </fuzzyTerm>
        </fuzzyVariable>
        <fuzzyVariable name="AlcalinityOfAsh" scale="" domainleft="10.6" domainright="30.0" type="input">
            <fuzzyTerm name="more or less (more or less (more or less (more or less (high))))" complement="false">
                <trapezoidShape param1="10.6" param2="10.6" param3="24.682" param4="29.0"/>
            </fuzzyTerm>
            <fuzzyTerm name="very high" complement="false">
                <trapezoidShape param1="24.682" param2="29.0" param3="30.0" param4="30.0"/>
            </fuzzyTerm>
        </fuzzyVariable>
        <fuzzyVariable name="flavanoids" scale="" domainleft="0.34" domainright="5.08" type="input">
            <fuzzyTerm name="very low" complement="false">
                <trapezoidShape param1="0.34" param2="0.34" param3="0.673" param4="1.478"/>
            </fuzzyTerm>
            <fuzzyTerm name="low" complement="false">
                <triangularShape param1="0.673" param2="1.478" param3="2.242"/>
            </fuzzyTerm>
            <fuzzyTerm name="average low" complement="false">
                <triangularShape param1="1.478" param2="2.242" param3="2.877"/>
            </fuzzyTerm>
            <fuzzyTerm name="average high" complement="false">
                <triangularShape param1="2.242" param2="2.877" param3="3.504"/>
            </fuzzyTerm>
            <fuzzyTerm name="high" complement="false">
                <triangularShape param1="2.877" param2="3.504" param3="5.08"/>
            </fuzzyTerm>
            <fuzzyTerm name="very high" complement="false">
                <trapezoidShape param1="3.504" param2="5.08" param3="5.08" param4="5.08"/>
            </fuzzyTerm>
            <fuzzyTerm name="(very low) OR (low)" complement="false">
                <trapezoidShape param1="0.34" param2="0.34" param3="1.478" param4="2.242"/>
            </fuzzyTerm>
        </fuzzyVariable>
        <fuzzyVariable name="NonflavanoidsPhenols" scale="" domainleft="0.13" domainright="0.66" type="input">
            <fuzzyTerm name="more or less (more or less (more or less (average high)))" complement="false">
                <trapezoidShape param1="0.13" param2="0.13" param3="0.405" param4="0.505"/>
            </fuzzyTerm>
            <fuzzyTerm name="high OR very high" complement="false">
                <trapezoidShape param1="0.405" param2="0.505" param3="0.66" param4="0.66"/>
            </fuzzyTerm>
        </fuzzyVariable>
        <fuzzyVariable name="ColorIntensity" scale="" domainleft="1.28" domainright="13.0" type="input">
            <fuzzyTerm name="very low" complement="false">
                <trapezoidShape param1="1.28" param2="1.28" param3="2.542" param4="3.917"/>
            </fuzzyTerm>
            <fuzzyTerm name="low" complement="false">
                <triangularShape param1="2.542" param2="3.917" param3="5.43"/>
            </fuzzyTerm>
            <fuzzyTerm name="average low" complement="false">
                <triangularShape param1="3.917" param2="5.43" param3="7.388"/>
            </fuzzyTerm>
            <fuzzyTerm name="average high OR high OR very high" complement="false">
                <trapezoidShape param1="5.43" param2="7.388" param3="13.0" param4="13.0"/>
            </fuzzyTerm>
            <fuzzyTerm name="NOT(very low)" complement="false">
                <trapezoidShape param1="2.542" param2="3.917" param3="13.0" param4="13.0"/>
            </fuzzyTerm>
        </fuzzyVariable>
        <fuzzyVariable name="OD280/OD315" scale="" domainleft="1.27" domainright="4.0" type="input">
            <fuzzyTerm name="very low" complement="false">
                <trapezoidShape param1="1.27" param2="1.27" param3="1.443" param4="1.781"/>
            </fuzzyTerm>
            <fuzzyTerm name="more or less (low)" complement="false">
                <trapezoidShape param1="1.443" param2="1.781" param3="4.0" param4="4.0"/>
            </fuzzyTerm>
        </fuzzyVariable>
        <fuzzyVariable name="Proline" scale="" domainleft="278.0" domainright="1680.0" type="input">
            <fuzzyTerm name="very low OR low" complement="false">
                <trapezoidShape param1="278.0" param2="278.0" param3="572.318" param4="758.694"/>
            </fuzzyTerm>
            <fuzzyTerm name="average low" complement="false">
                <triangularShape param1="572.318" param2="758.694" param3="1052.5"/>
            </fuzzyTerm>
            <fuzzyTerm name="average high" complement="false">
                <triangularShape param1="758.694" param2="1052.5" param3="1267.857"/>
            </fuzzyTerm>
            <fuzzyTerm name="high" complement="false">
                <triangularShape param1="1052.5" param2="1267.857" param3="1533.4"/>
            </fuzzyTerm>
            <fuzzyTerm name="very high" complement="false">
                <trapezoidShape param1="1267.857" param2="1533.4" param3="1680.0" param4="1680.0"/>
            </fuzzyTerm>
            <fuzzyTerm name="(very low OR low) OR (average low)" complement="false">
                <trapezoidShape param1="278.0" param2="278.0" param3="758.694" param4="1052.5"/>
            </fuzzyTerm>
            <fuzzyTerm name="(average high) OR (high)" complement="false">
                <trapezoidShape param1="758.694" param2="1052.5" param3="1267.857" param4="1533.4"/>
            </fuzzyTerm>
            <fuzzyTerm name="(high) OR (very high)" complement="false">
                <trapezoidShape param1="1052.5" param2="1267.857" param3="1680.0" param4="1680.0"/>
            </fuzzyTerm>
        </fuzzyVariable>
        <fuzzyVariable name="Class" scale="" domainleft="1.0" domainright="3.0" type="output" accumulation="MAX" defuzzifier="MOM" defaultValue="1.0">
            <fuzzyTerm name="1.0" complement="false">
                <singletonShape param1="1.0"/>
            </fuzzyTerm>
            <fuzzyTerm name="2.0" complement="false">
                <singletonShape param1="2.0"/>
            </fuzzyTerm>
            <fuzzyTerm name="3.0" complement="false">
                <singletonShape param1="3.0"/>
            </fuzzyTerm>
        </fuzzyVariable>
    </knowledgeBase>
    <mamdaniRuleBase name="rulebase-New Knowledge Base" activationMethod="MIN" andMethod="MIN" orMethod="MAX">
        <rule name="rule1" andMethod="min" connector="and" weight="1.0">
            <antecedent>
                <clause>
                    <variable>flavanoids</variable>
                    <term>(very low) OR (low)</term>
                </clause>
                <clause>
                    <variable>ColorIntensity</variable>
                    <term>very low</term>
                </clause>
            </antecedent>
            <consequent>
                <then>
                    <clause>
                        <variable>Class</variable>
                        <term>2.0</term>
                    </clause>
                </then>
            </consequent>
        </rule>
        <rule name="rule2" andMethod="min" connector="and" weight="1.0">
            <antecedent>
                <clause>
                    <variable>flavanoids</variable>
                    <term>low</term>
                </clause>
                <clause>
                    <variable>ColorIntensity</variable>
                    <term>low</term>
                </clause>
                <clause>
                    <variable>OD280/OD315</variable>
                    <term>more or less (low)</term>
                </clause>
            </antecedent>
            <consequent>
                <then>
                    <clause>
                        <variable>Class</variable>
                        <term>2.0</term>
                    </clause>
                </then>
            </consequent>
        </rule>
        <rule name="rule3" andMethod="min" connector="and" weight="1.0">
            <antecedent>
                <clause>
                    <variable>flavanoids</variable>
                    <term>low</term>
                </clause>
                <clause>
                    <variable>NonflavanoidsPhenols</variable>
                    <term>high OR very high</term>
                </clause>
                <clause>
                    <variable>ColorIntensity</variable>
                    <term>average low</term>
                </clause>
            </antecedent>
            <consequent>
                <then>
                    <clause>
                        <variable>Class</variable>
                        <term>2.0</term>
                    </clause>
                </then>
            </consequent>
        </rule>
        <rule name="rule4" andMethod="min" connector="and" weight="1.0">
            <antecedent>
                <clause>
                    <variable>flavanoids</variable>
                    <term>average low</term>
                </clause>
                <clause>
                    <variable>Proline</variable>
                    <term>(very low OR low) OR (average low)</term>
                </clause>
            </antecedent>
            <consequent>
                <then>
                    <clause>
                        <variable>Class</variable>
                        <term>2.0</term>
                    </clause>
                </then>
            </consequent>
        </rule>
        <rule name="rule5" andMethod="min" connector="and" weight="1.0">
            <antecedent>
                <clause>
                    <variable>flavanoids</variable>
                    <term>average high</term>
                </clause>
                <clause>
                    <variable>Proline</variable>
                    <term>very low OR low</term>
                </clause>
            </antecedent>
            <consequent>
                <then>
                    <clause>
                        <variable>Class</variable>
                        <term>2.0</term>
                    </clause>
                </then>
            </consequent>
        </rule>
        <rule name="rule6" andMethod="min" connector="and" weight="1.0">
            <antecedent>
                <clause>
                    <variable>AlcalinityOfAsh</variable>
                    <term>very high</term>
                </clause>
                <clause>
                    <variable>flavanoids</variable>
                    <term>average high</term>
                </clause>
                <clause>
                    <variable>Proline</variable>
                    <term>average high</term>
                </clause>
            </antecedent>
            <consequent>
                <then>
                    <clause>
                        <variable>Class</variable>
                        <term>2.0</term>
                    </clause>
                </then>
            </consequent>
        </rule>
        <rule name="rule7" andMethod="min" connector="and" weight="1.0">
            <antecedent>
                <clause>
                    <variable>flavanoids</variable>
                    <term>very high</term>
                </clause>
            </antecedent>
            <consequent>
                <then>
                    <clause>
                        <variable>Class</variable>
                        <term>2.0</term>
                    </clause>
                </then>
            </consequent>
        </rule>
        <rule name="rule8" andMethod="min" connector="and" weight="1.0">
            <antecedent>
                <clause>
                    <variable>flavanoids</variable>
                    <term>very low</term>
                </clause>
                <clause>
                    <variable>ColorIntensity</variable>
                    <term>NOT(very low)</term>
                </clause>
            </antecedent>
            <consequent>
                <then>
                    <clause>
                        <variable>Class</variable>
                        <term>3.0</term>
                    </clause>
                </then>
            </consequent>
        </rule>
        <rule name="rule9" andMethod="min" connector="and" weight="1.0">
            <antecedent>
                <clause>
                    <variable>flavanoids</variable>
                    <term>low</term>
                </clause>
                <clause>
                    <variable>ColorIntensity</variable>
                    <term>average high OR high OR very high</term>
                </clause>
            </antecedent>
            <consequent>
                <then>
                    <clause>
                        <variable>Class</variable>
                        <term>3.0</term>
                    </clause>
                </then>
            </consequent>
        </rule>
        <rule name="rule10" andMethod="min" connector="and" weight="1.0">
            <antecedent>
                <clause>
                    <variable>flavanoids</variable>
                    <term>average low</term>
                </clause>
                <clause>
                    <variable>Proline</variable>
                    <term>(average high) OR (high)</term>
                </clause>
            </antecedent>
            <consequent>
                <then>
                    <clause>
                        <variable>Class</variable>
                        <term>1.0</term>
                    </clause>
                </then>
            </consequent>
        </rule>
        <rule name="rule11" andMethod="min" connector="and" weight="1.0">
            <antecedent>
                <clause>
                    <variable>Alcohol</variable>
                    <term>average low OR average high OR high OR very high</term>
                </clause>
                <clause>
                    <variable>flavanoids</variable>
                    <term>average high</term>
                </clause>
                <clause>
                    <variable>Proline</variable>
                    <term>average low</term>
                </clause>
            </antecedent>
            <consequent>
                <then>
                    <clause>
                        <variable>Class</variable>
                        <term>1.0</term>
                    </clause>
                </then>
            </consequent>
        </rule>
        <rule name="rule12" andMethod="min" connector="and" weight="1.0">
            <antecedent>
                <clause>
                    <variable>AlcalinityOfAsh</variable>
                    <term>more or less (more or less (more or less (more or less (high))))</term>
                </clause>
                <clause>
                    <variable>flavanoids</variable>
                    <term>average high</term>
                </clause>
                <clause>
                    <variable>Proline</variable>
                    <term>average high</term>
                </clause>
            </antecedent>
            <consequent>
                <then>
                    <clause>
                        <variable>Class</variable>
                        <term>1.0</term>
                    </clause>
                </then>
            </consequent>
        </rule>
        <rule name="rule13" andMethod="min" connector="and" weight="1.0">
            <antecedent>
                <clause>
                    <variable>flavanoids</variable>
                    <term>average high</term>
                </clause>
                <clause>
                    <variable>Proline</variable>
                    <term>(high) OR (very high)</term>
                </clause>
            </antecedent>
            <consequent>
                <then>
                    <clause>
                        <variable>Class</variable>
                        <term>1.0</term>
                    </clause>
                </then>
            </consequent>
        </rule>
        <rule name="rule14" andMethod="min" connector="and" weight="1.0">
            <antecedent>
                <clause>
                    <variable>Alcohol</variable>
                    <term>average low OR average high OR high OR very high</term>
                </clause>
                <clause>
                    <variable>flavanoids</variable>
                    <term>high</term>
                </clause>
            </antecedent>
            <consequent>
                <then>
                    <clause>
                        <variable>Class</variable>
                        <term>1.0</term>
                    </clause>
                </then>
            </consequent>
        </rule>
    </mamdaniRuleBase>
</fuzzySystem>
