<?xml version="1.0" encoding="UTF-8" standalone="yes"?>
<fuzzySystem xmlns="http://www.ieee1855.org" name="New Knowledge Base - MAMDANI">
    <knowledgeBase>
        <fuzzyVariable name="Alcohol" scale="" domainleft="11.03" domainright="14.83" type="input">
            <fuzzyTerm name="very_low" complement="false">
                <trapezoidShape param1="11.03" param2="11.03" param3="11.493" param4="12.472"/>
            </fuzzyTerm>
            <fuzzyTerm name="low" complement="false">
                <triangularShape param1="11.493" param2="12.472" param3="13.142"/>
            </fuzzyTerm>
            <fuzzyTerm name="average_low" complement="false">
                <triangularShape param1="12.472" param2="13.142" param3="13.497"/>
            </fuzzyTerm>
            <fuzzyTerm name="average_high" complement="false">
                <triangularShape param1="13.142" param2="13.497" param3="13.858"/>
            </fuzzyTerm>
            <fuzzyTerm name="high" complement="false">
                <triangularShape param1="13.497" param2="13.858" param3="14.368"/>
            </fuzzyTerm>
            <fuzzyTerm name="very_high" complement="false">
                <trapezoidShape param1="13.858" param2="14.368" param3="14.83" param4="14.83"/>
            </fuzzyTerm>
        </fuzzyVariable>
        <fuzzyVariable name="MalicAcid" scale="" domainleft="0.74" domainright="5.8" type="input">
            <fuzzyTerm name="very_low" complement="false">
                <trapezoidShape param1="0.74" param2="0.74" param3="1.178" param4="1.757"/>
            </fuzzyTerm>
            <fuzzyTerm name="low" complement="false">
                <triangularShape param1="1.178" param2="1.757" param3="2.619"/>
            </fuzzyTerm>
            <fuzzyTerm name="average_low" complement="false">
                <triangularShape param1="1.757" param2="2.619" param3="3.483"/>
            </fuzzyTerm>
            <fuzzyTerm name="average_high" complement="false">
                <triangularShape param1="2.619" param2="3.483" param3="4.346"/>
            </fuzzyTerm>
            <fuzzyTerm name="high" complement="false">
                <triangularShape param1="3.483" param2="4.346" param3="5.357"/>
            </fuzzyTerm>
            <fuzzyTerm name="very_high" complement="false">
                <trapezoidShape param1="4.346" param2="5.357" param3="5.8" param4="5.8"/>
            </fuzzyTerm>
        </fuzzyVariable>
        <fuzzyVariable name="Ash" scale="" domainleft="1.36" domainright="3.23" type="input">
            <fuzzyTerm name="very_low" complement="false">
                <trapezoidShape param1="1.36" param2="1.36" param3="1.36" param4="1.909"/>
            </fuzzyTerm>
            <fuzzyTerm name="low" complement="false">
                <triangularShape param1="1.36" param2="1.909" param3="2.234"/>
            </fuzzyTerm>
            <fuzzyTerm name="average_low" complement="false">
                <triangularShape param1="1.909" param2="2.234" param3="2.43"/>
            </fuzzyTerm>
            <fuzzyTerm name="average_high" complement="false">
                <triangularShape param1="2.234" param2="2.43" param3="2.683"/>
            </fuzzyTerm>
            <fuzzyTerm name="high" complement="false">
                <triangularShape param1="2.43" param2="2.683" param3="3.225"/>
            </fuzzyTerm>
            <fuzzyTerm name="very_high" complement="false">
                <trapezoidShape param1="2.683" param2="3.225" param3="3.23" param4="3.23"/>
            </fuzzyTerm>
        </fuzzyVariable>
        <fuzzyVariable name="AlcalinityOfAsh" scale="" domainleft="10.6" domainright="30.0" type="input">
            <fuzzyTerm name="very_low" complement="false">
                <trapezoidShape param1="10.6" param2="10.6" param3="11.381" param4="17.03"/>
            </fuzzyTerm>
            <fuzzyTerm name="low" complement="false">
                <triangularShape param1="11.381" param2="17.03" param3="18.979"/>
            </fuzzyTerm>
            <fuzzyTerm name="average_low" complement="false">
                <triangularShape param1="17.03" param2="18.979" param3="19.919"/>
            </fuzzyTerm>
            <fuzzyTerm name="average_high" complement="false">
                <triangularShape param1="18.979" param2="19.919" param3="21.995"/>
            </fuzzyTerm>
            <fuzzyTerm name="high" complement="false">
                <triangularShape param1="19.919" param2="21.995" param3="30.0"/>
            </fuzzyTerm>
            <fuzzyTerm name="very_high" complement="false">
                <trapezoidShape param1="21.995" param2="30.0" param3="30.0" param4="30.0"/>
            </fuzzyTerm>
        </fuzzyVariable>
        <fuzzyVariable name="Magnesium" scale="" domainleft="70.0" domainright="162.0" type="input">
            <fuzzyTerm name="very_low" complement="false">
                <trapezoidShape param1="70.0" param2="70.0" param3="85.429" param4="95.421"/>
            </fuzzyTerm>
            <fuzzyTerm name="low" complement="false">
                <triangularShape param1="85.429" param2="95.421" param3="103.474"/>
            </fuzzyTerm>
            <fuzzyTerm name="average_low" complement="false">
                <triangularShape param1="95.421" param2="103.474" param3="115.857"/>
            </fuzzyTerm>
            <fuzzyTerm name="average_high" complement="false">
                <triangularShape param1="103.474" param2="115.857" param3="132.333"/>
            </fuzzyTerm>
            <fuzzyTerm name="high" complement="false">
                <triangularShape param1="115.857" param2="132.333" param3="156.5"/>
            </fuzzyTerm>
            <fuzzyTerm name="very_high" complement="false">
                <trapezoidShape param1="132.333" param2="156.5" param3="162.0" param4="162.0"/>
            </fuzzyTerm>
        </fuzzyVariable>
        <fuzzyVariable name="TotalPhenols" scale="" domainleft="0.98" domainright="3.88" type="input">
            <fuzzyTerm name="very_low" complement="false">
                <trapezoidShape param1="0.98" param2="0.98" param3="1.377" param4="1.784"/>
            </fuzzyTerm>
            <fuzzyTerm name="low" complement="false">
                <triangularShape param1="1.377" param2="1.784" param3="2.201"/>
            </fuzzyTerm>
            <fuzzyTerm name="average_low" complement="false">
                <triangularShape param1="1.784" param2="2.201" param3="2.537"/>
            </fuzzyTerm>
            <fuzzyTerm name="average_high" complement="false">
                <triangularShape param1="2.201" param2="2.537" param3="2.808"/>
            </fuzzyTerm>
            <fuzzyTerm name="high" complement="false">
                <triangularShape param1="2.537" param2="2.808" param3="3.865"/>
            </fuzzyTerm>
            <fuzzyTerm name="very_high" complement="false">
                <trapezoidShape param1="2.808" param2="3.865" param3="3.88" param4="3.88"/>
            </fuzzyTerm>
        </fuzzyVariable>
        <fuzzyVariable name="flavanoids" scale="" domainleft="0.34" domainright="5.08" type="input">
            <fuzzyTerm name="very_low" complement="false">
                <trapezoidShape param1="0.34" param2="0.34" param3="0.663" param4="1.482"/>
            </fuzzyTerm>
            <fuzzyTerm name="low" complement="false">
                <triangularShape param1="0.663" param2="1.482" param3="2.243"/>
            </fuzzyTerm>
            <fuzzyTerm name="average_low" complement="false">
                <triangularShape param1="1.482" param2="2.243" param3="2.832"/>
            </fuzzyTerm>
            <fuzzyTerm name="average_high" complement="false">
                <triangularShape param1="2.243" param2="2.832" param3="3.378"/>
            </fuzzyTerm>
            <fuzzyTerm name="high" complement="false">
                <triangularShape param1="2.832" param2="3.378" param3="5.08"/>
            </fuzzyTerm>
            <fuzzyTerm name="very_high" complement="false">
                <trapezoidShape param1="3.378" param2="5.08" param3="5.08" param4="5.08"/>
            </fuzzyTerm>
        </fuzzyVariable>
        <fuzzyVariable name="NonflavanoidsPhenols" scale="" domainleft="0.13" domainright="0.66" type="input">
            <fuzzyTerm name="very_low" complement="false">
                <trapezoidShape param1="0.13" param2="0.13" param3="0.21" param4="0.289"/>
            </fuzzyTerm>
            <fuzzyTerm name="low" complement="false">
                <triangularShape param1="0.21" param2="0.289" param3="0.336"/>
            </fuzzyTerm>
            <fuzzyTerm name="average_low" complement="false">
                <triangularShape param1="0.289" param2="0.336" param3="0.4"/>
            </fuzzyTerm>
            <fuzzyTerm name="average_high" complement="false">
                <triangularShape param1="0.336" param2="0.4" param3="0.481"/>
            </fuzzyTerm>
            <fuzzyTerm name="high" complement="false">
                <triangularShape param1="0.4" param2="0.481" param3="0.66"/>
            </fuzzyTerm>
            <fuzzyTerm name="very_high" complement="false">
                <trapezoidShape param1="0.481" param2="0.66" param3="0.66" param4="0.66"/>
            </fuzzyTerm>
        </fuzzyVariable>
        <fuzzyVariable name="Proanthocyanins" scale="" domainleft="0.41" domainright="3.58" type="input">
            <fuzzyTerm name="very_low" complement="false">
                <trapezoidShape param1="0.41" param2="0.41" param3="0.826" param4="1.344"/>
            </fuzzyTerm>
            <fuzzyTerm name="low" complement="false">
                <triangularShape param1="0.826" param2="1.344" param3="1.707"/>
            </fuzzyTerm>
            <fuzzyTerm name="average_low" complement="false">
                <triangularShape param1="1.344" param2="1.707" param3="2.11"/>
            </fuzzyTerm>
            <fuzzyTerm name="average_high" complement="false">
                <triangularShape param1="1.707" param2="2.11" param3="2.73"/>
            </fuzzyTerm>
            <fuzzyTerm name="high" complement="false">
                <triangularShape param1="2.11" param2="2.73" param3="3.28"/>
            </fuzzyTerm>
            <fuzzyTerm name="very_high" complement="false">
                <trapezoidShape param1="2.73" param2="3.28" param3="3.58" param4="3.58"/>
            </fuzzyTerm>
        </fuzzyVariable>
        <fuzzyVariable name="ColorIntensity" scale="" domainleft="1.28" domainright="13.0" type="input">
            <fuzzyTerm name="very_low" complement="false">
                <trapezoidShape param1="1.28" param2="1.28" param3="2.662" param4="4.09"/>
            </fuzzyTerm>
            <fuzzyTerm name="low" complement="false">
                <triangularShape param1="2.662" param2="4.09" param3="5.575"/>
            </fuzzyTerm>
            <fuzzyTerm name="average_low" complement="false">
                <triangularShape param1="4.09" param2="5.575" param3="7.262"/>
            </fuzzyTerm>
            <fuzzyTerm name="average_high" complement="false">
                <triangularShape param1="5.575" param2="7.262" param3="9.372"/>
            </fuzzyTerm>
            <fuzzyTerm name="high" complement="false">
                <triangularShape param1="7.262" param2="9.372" param3="12.375"/>
            </fuzzyTerm>
            <fuzzyTerm name="very_high" complement="false">
                <trapezoidShape param1="9.372" param2="12.375" param3="13.0" param4="13.0"/>
            </fuzzyTerm>
        </fuzzyVariable>
        <fuzzyVariable name="Hue" scale="" domainleft="0.48" domainright="1.71" type="input">
            <fuzzyTerm name="very_low" complement="false">
                <trapezoidShape param1="0.48" param2="0.48" param3="0.565" param4="0.795"/>
            </fuzzyTerm>
            <fuzzyTerm name="low" complement="false">
                <triangularShape param1="0.565" param2="0.795" param3="0.925"/>
            </fuzzyTerm>
            <fuzzyTerm name="average_low" complement="false">
                <triangularShape param1="0.795" param2="0.925" param3="1.015"/>
            </fuzzyTerm>
            <fuzzyTerm name="average_high" complement="false">
                <triangularShape param1="0.925" param2="1.015" param3="1.088"/>
            </fuzzyTerm>
            <fuzzyTerm name="high" complement="false">
                <triangularShape param1="1.015" param2="1.088" param3="1.28"/>
            </fuzzyTerm>
            <fuzzyTerm name="very_high" complement="false">
                <trapezoidShape param1="1.088" param2="1.28" param3="1.71" param4="1.71"/>
            </fuzzyTerm>
        </fuzzyVariable>
        <fuzzyVariable name="OD280/OD315" scale="" domainleft="1.27" domainright="4.0" type="input">
            <fuzzyTerm name="very_low" complement="false">
                <trapezoidShape param1="1.27" param2="1.27" param3="1.283" param4="1.862"/>
            </fuzzyTerm>
            <fuzzyTerm name="low" complement="false">
                <triangularShape param1="1.283" param2="1.862" param3="2.78"/>
            </fuzzyTerm>
            <fuzzyTerm name="average_low" complement="false">
                <triangularShape param1="1.862" param2="2.78" param3="2.867"/>
            </fuzzyTerm>
            <fuzzyTerm name="average_high" complement="false">
                <triangularShape param1="2.78" param2="2.867" param3="3.169"/>
            </fuzzyTerm>
            <fuzzyTerm name="high" complement="false">
                <triangularShape param1="2.867" param2="3.169" param3="3.581"/>
            </fuzzyTerm>
            <fuzzyTerm name="very_high" complement="false">
                <trapezoidShape param1="3.169" param2="3.581" param3="4.0" param4="4.0"/>
            </fuzzyTerm>
        </fuzzyVariable>
        <fuzzyVariable name="Proline" scale="" domainleft="278.0" domainright="1680.0" type="input">
            <fuzzyTerm name="very_low" complement="false">
                <trapezoidShape param1="278.0" param2="278.0" param3="436.52" param4="638.489"/>
            </fuzzyTerm>
            <fuzzyTerm name="low" complement="false">
                <triangularShape param1="436.52" param2="638.489" param3="820.043"/>
            </fuzzyTerm>
            <fuzzyTerm name="average_low" complement="false">
                <triangularShape param1="638.489" param2="820.043" param3="1045.85"/>
            </fuzzyTerm>
            <fuzzyTerm name="average_high" complement="false">
                <triangularShape param1="820.043" param2="1045.85" param3="1270.882"/>
            </fuzzyTerm>
            <fuzzyTerm name="high" complement="false">
                <triangularShape param1="1045.85" param2="1270.882" param3="1530.333"/>
            </fuzzyTerm>
            <fuzzyTerm name="very_high" complement="false">
                <trapezoidShape param1="1270.882" param2="1530.333" param3="1680.0" param4="1680.0"/>
            </fuzzyTerm>
        </fuzzyVariable>
        <fuzzyVariable name="Class" scale="" domainleft="1.0" domainright="3.0" type="output" accumulation="MAX" defuzzifier="MOM" defaultValue="1.0">
            <fuzzyTerm name="1.0" complement="false">
                <singletonShape param1="1.0"/>
            </fuzzyTerm>
            <fuzzyTerm name="2.0" complement="false">
                <singletonShape param1="2.0"/>
            </fuzzyTerm>
            <fuzzyTerm name="3.0" complement="false">
                <singletonShape param1="3.0"/>
            </fuzzyTerm>
        </fuzzyVariable>
    </knowledgeBase>
    <mamdaniRuleBase name="rulebase-New Knowledge Base" activationMethod="MIN" andMethod="MIN" orMethod="MAX">
        <rule name="rule1" andMethod="min" connector="and" weight="1.0">
            <antecedent>
                <clause>
                    <variable>flavanoids</variable>
                    <term>very_low</term>
                </clause>
                <clause>
                    <variable>ColorIntensity</variable>
                    <term>very_low</term>
                </clause>
            </antecedent>
            <consequent>
                <then>
                    <clause>
                        <variable>Class</variable>
                        <term>2.0</term>
                    </clause>
                </then>
            </consequent>
        </rule>
        <rule name="rule2" andMethod="min" connector="and" weight="1.0">
            <antecedent>
                <clause>
                    <variable>flavanoids</variable>
                    <term>very_low</term>
                </clause>
                <clause>
                    <variable>ColorIntensity</variable>
                    <term>low</term>
                </clause>
            </antecedent>
            <consequent>
                <then>
                    <clause>
                        <variable>Class</variable>
                        <term>3.0</term>
                    </clause>
                </then>
            </consequent>
        </rule>
        <rule name="rule3" andMethod="min" connector="and" weight="1.0">
            <antecedent>
                <clause>
                    <variable>flavanoids</variable>
                    <term>very_low</term>
                </clause>
                <clause>
                    <variable>ColorIntensity</variable>
                    <term>average_low</term>
                </clause>
            </antecedent>
            <consequent>
                <then>
                    <clause>
                        <variable>Class</variable>
                        <term>3.0</term>
                    </clause>
                </then>
            </consequent>
        </rule>
        <rule name="rule4" andMethod="min" connector="and" weight="1.0">
            <antecedent>
                <clause>
                    <variable>flavanoids</variable>
                    <term>very_low</term>
                </clause>
                <clause>
                    <variable>ColorIntensity</variable>
                    <term>average_high</term>
                </clause>
            </antecedent>
            <consequent>
                <then>
                    <clause>
                        <variable>Class</variable>
                        <term>3.0</term>
                    </clause>
                </then>
            </consequent>
        </rule>
        <rule name="rule5" andMethod="min" connector="and" weight="1.0">
            <antecedent>
                <clause>
                    <variable>flavanoids</variable>
                    <term>very_low</term>
                </clause>
                <clause>
                    <variable>ColorIntensity</variable>
                    <term>high</term>
                </clause>
            </antecedent>
            <consequent>
                <then>
                    <clause>
                        <variable>Class</variable>
                        <term>3.0</term>
                    </clause>
                </then>
            </consequent>
        </rule>
        <rule name="rule6" andMethod="min" connector="and" weight="1.0">
            <antecedent>
                <clause>
                    <variable>flavanoids</variable>
                    <term>very_low</term>
                </clause>
                <clause>
                    <variable>ColorIntensity</variable>
                    <term>very_high</term>
                </clause>
            </antecedent>
            <consequent>
                <then>
                    <clause>
                        <variable>Class</variable>
                        <term>3.0</term>
                    </clause>
                </then>
            </consequent>
        </rule>
        <rule name="rule7" andMethod="min" connector="and" weight="1.0">
            <antecedent>
                <clause>
                    <variable>flavanoids</variable>
                    <term>low</term>
                </clause>
                <clause>
                    <variable>ColorIntensity</variable>
                    <term>very_low</term>
                </clause>
            </antecedent>
            <consequent>
                <then>
                    <clause>
                        <variable>Class</variable>
                        <term>2.0</term>
                    </clause>
                </then>
            </consequent>
        </rule>
        <rule name="rule8" andMethod="min" connector="and" weight="1.0">
            <antecedent>
                <clause>
                    <variable>flavanoids</variable>
                    <term>low</term>
                </clause>
                <clause>
                    <variable>ColorIntensity</variable>
                    <term>low</term>
                </clause>
                <clause>
                    <variable>OD280/OD315</variable>
                    <term>very_low</term>
                </clause>
            </antecedent>
            <consequent>
                <then>
                    <clause>
                        <variable>Class</variable>
                        <term>3.0</term>
                    </clause>
                </then>
            </consequent>
        </rule>
        <rule name="rule9" andMethod="min" connector="and" weight="1.0">
            <antecedent>
                <clause>
                    <variable>flavanoids</variable>
                    <term>low</term>
                </clause>
                <clause>
                    <variable>ColorIntensity</variable>
                    <term>low</term>
                </clause>
                <clause>
                    <variable>OD280/OD315</variable>
                    <term>low</term>
                </clause>
            </antecedent>
            <consequent>
                <then>
                    <clause>
                        <variable>Class</variable>
                        <term>2.0</term>
                    </clause>
                </then>
            </consequent>
        </rule>
        <rule name="rule10" andMethod="min" connector="and" weight="1.0">
            <antecedent>
                <clause>
                    <variable>flavanoids</variable>
                    <term>low</term>
                </clause>
                <clause>
                    <variable>ColorIntensity</variable>
                    <term>low</term>
                </clause>
                <clause>
                    <variable>OD280/OD315</variable>
                    <term>average_low</term>
                </clause>
            </antecedent>
            <consequent>
                <then>
                    <clause>
                        <variable>Class</variable>
                        <term>2.0</term>
                    </clause>
                </then>
            </consequent>
        </rule>
        <rule name="rule11" andMethod="min" connector="and" weight="1.0">
            <antecedent>
                <clause>
                    <variable>flavanoids</variable>
                    <term>low</term>
                </clause>
                <clause>
                    <variable>ColorIntensity</variable>
                    <term>low</term>
                </clause>
                <clause>
                    <variable>OD280/OD315</variable>
                    <term>high</term>
                </clause>
            </antecedent>
            <consequent>
                <then>
                    <clause>
                        <variable>Class</variable>
                        <term>2.0</term>
                    </clause>
                </then>
            </consequent>
        </rule>
        <rule name="rule12" andMethod="min" connector="and" weight="1.0">
            <antecedent>
                <clause>
                    <variable>flavanoids</variable>
                    <term>low</term>
                </clause>
                <clause>
                    <variable>ColorIntensity</variable>
                    <term>low</term>
                </clause>
                <clause>
                    <variable>OD280/OD315</variable>
                    <term>very_high</term>
                </clause>
            </antecedent>
            <consequent>
                <then>
                    <clause>
                        <variable>Class</variable>
                        <term>2.0</term>
                    </clause>
                </then>
            </consequent>
        </rule>
        <rule name="rule13" andMethod="min" connector="and" weight="1.0">
            <antecedent>
                <clause>
                    <variable>flavanoids</variable>
                    <term>low</term>
                </clause>
                <clause>
                    <variable>ColorIntensity</variable>
                    <term>average_low</term>
                </clause>
                <clause>
                    <variable>Hue</variable>
                    <term>very_low</term>
                </clause>
            </antecedent>
            <consequent>
                <then>
                    <clause>
                        <variable>Class</variable>
                        <term>3.0</term>
                    </clause>
                </then>
            </consequent>
        </rule>
        <rule name="rule14" andMethod="min" connector="and" weight="1.0">
            <antecedent>
                <clause>
                    <variable>flavanoids</variable>
                    <term>low</term>
                </clause>
                <clause>
                    <variable>ColorIntensity</variable>
                    <term>average_low</term>
                </clause>
                <clause>
                    <variable>Hue</variable>
                    <term>low</term>
                </clause>
            </antecedent>
            <consequent>
                <then>
                    <clause>
                        <variable>Class</variable>
                        <term>3.0</term>
                    </clause>
                </then>
            </consequent>
        </rule>
        <rule name="rule15" andMethod="min" connector="and" weight="1.0">
            <antecedent>
                <clause>
                    <variable>flavanoids</variable>
                    <term>low</term>
                </clause>
                <clause>
                    <variable>ColorIntensity</variable>
                    <term>average_low</term>
                </clause>
                <clause>
                    <variable>Hue</variable>
                    <term>average_low</term>
                </clause>
            </antecedent>
            <consequent>
                <then>
                    <clause>
                        <variable>Class</variable>
                        <term>2.0</term>
                    </clause>
                </then>
            </consequent>
        </rule>
        <rule name="rule16" andMethod="min" connector="and" weight="1.0">
            <antecedent>
                <clause>
                    <variable>flavanoids</variable>
                    <term>low</term>
                </clause>
                <clause>
                    <variable>ColorIntensity</variable>
                    <term>average_low</term>
                </clause>
                <clause>
                    <variable>Hue</variable>
                    <term>average_high</term>
                </clause>
            </antecedent>
            <consequent>
                <then>
                    <clause>
                        <variable>Class</variable>
                        <term>2.0</term>
                    </clause>
                </then>
            </consequent>
        </rule>
        <rule name="rule17" andMethod="min" connector="and" weight="1.0">
            <antecedent>
                <clause>
                    <variable>flavanoids</variable>
                    <term>low</term>
                </clause>
                <clause>
                    <variable>ColorIntensity</variable>
                    <term>average_low</term>
                </clause>
                <clause>
                    <variable>Hue</variable>
                    <term>high</term>
                </clause>
            </antecedent>
            <consequent>
                <then>
                    <clause>
                        <variable>Class</variable>
                        <term>2.0</term>
                    </clause>
                </then>
            </consequent>
        </rule>
        <rule name="rule18" andMethod="min" connector="and" weight="1.0">
            <antecedent>
                <clause>
                    <variable>flavanoids</variable>
                    <term>low</term>
                </clause>
                <clause>
                    <variable>ColorIntensity</variable>
                    <term>average_low</term>
                </clause>
                <clause>
                    <variable>Hue</variable>
                    <term>very_high</term>
                </clause>
            </antecedent>
            <consequent>
                <then>
                    <clause>
                        <variable>Class</variable>
                        <term>2.0</term>
                    </clause>
                </then>
            </consequent>
        </rule>
        <rule name="rule19" andMethod="min" connector="and" weight="1.0">
            <antecedent>
                <clause>
                    <variable>flavanoids</variable>
                    <term>low</term>
                </clause>
                <clause>
                    <variable>ColorIntensity</variable>
                    <term>average_high</term>
                </clause>
            </antecedent>
            <consequent>
                <then>
                    <clause>
                        <variable>Class</variable>
                        <term>3.0</term>
                    </clause>
                </then>
            </consequent>
        </rule>
        <rule name="rule20" andMethod="min" connector="and" weight="1.0">
            <antecedent>
                <clause>
                    <variable>flavanoids</variable>
                    <term>low</term>
                </clause>
                <clause>
                    <variable>ColorIntensity</variable>
                    <term>high</term>
                </clause>
            </antecedent>
            <consequent>
                <then>
                    <clause>
                        <variable>Class</variable>
                        <term>3.0</term>
                    </clause>
                </then>
            </consequent>
        </rule>
        <rule name="rule21" andMethod="min" connector="and" weight="1.0">
            <antecedent>
                <clause>
                    <variable>flavanoids</variable>
                    <term>low</term>
                </clause>
                <clause>
                    <variable>ColorIntensity</variable>
                    <term>very_high</term>
                </clause>
            </antecedent>
            <consequent>
                <then>
                    <clause>
                        <variable>Class</variable>
                        <term>3.0</term>
                    </clause>
                </then>
            </consequent>
        </rule>
        <rule name="rule22" andMethod="min" connector="and" weight="1.0">
            <antecedent>
                <clause>
                    <variable>flavanoids</variable>
                    <term>average_low</term>
                </clause>
                <clause>
                    <variable>Proline</variable>
                    <term>very_low</term>
                </clause>
            </antecedent>
            <consequent>
                <then>
                    <clause>
                        <variable>Class</variable>
                        <term>2.0</term>
                    </clause>
                </then>
            </consequent>
        </rule>
        <rule name="rule23" andMethod="min" connector="and" weight="1.0">
            <antecedent>
                <clause>
                    <variable>flavanoids</variable>
                    <term>average_low</term>
                </clause>
                <clause>
                    <variable>Proline</variable>
                    <term>low</term>
                </clause>
            </antecedent>
            <consequent>
                <then>
                    <clause>
                        <variable>Class</variable>
                        <term>2.0</term>
                    </clause>
                </then>
            </consequent>
        </rule>
        <rule name="rule24" andMethod="min" connector="and" weight="1.0">
            <antecedent>
                <clause>
                    <variable>Alcohol</variable>
                    <term>very_low</term>
                </clause>
                <clause>
                    <variable>flavanoids</variable>
                    <term>average_low</term>
                </clause>
                <clause>
                    <variable>Proline</variable>
                    <term>average_low</term>
                </clause>
            </antecedent>
            <consequent>
                <then>
                    <clause>
                        <variable>Class</variable>
                        <term>2.0</term>
                    </clause>
                </then>
            </consequent>
        </rule>
        <rule name="rule25" andMethod="min" connector="and" weight="1.0">
            <antecedent>
                <clause>
                    <variable>Alcohol</variable>
                    <term>low</term>
                </clause>
                <clause>
                    <variable>flavanoids</variable>
                    <term>average_low</term>
                </clause>
                <clause>
                    <variable>Proline</variable>
                    <term>average_low</term>
                </clause>
            </antecedent>
            <consequent>
                <then>
                    <clause>
                        <variable>Class</variable>
                        <term>2.0</term>
                    </clause>
                </then>
            </consequent>
        </rule>
        <rule name="rule26" andMethod="min" connector="and" weight="1.0">
            <antecedent>
                <clause>
                    <variable>Alcohol</variable>
                    <term>average_low</term>
                </clause>
                <clause>
                    <variable>flavanoids</variable>
                    <term>average_low</term>
                </clause>
                <clause>
                    <variable>Proline</variable>
                    <term>average_low</term>
                </clause>
            </antecedent>
            <consequent>
                <then>
                    <clause>
                        <variable>Class</variable>
                        <term>1.0</term>
                    </clause>
                </then>
            </consequent>
        </rule>
        <rule name="rule27" andMethod="min" connector="and" weight="1.0">
            <antecedent>
                <clause>
                    <variable>Alcohol</variable>
                    <term>average_high</term>
                </clause>
                <clause>
                    <variable>flavanoids</variable>
                    <term>average_low</term>
                </clause>
                <clause>
                    <variable>Proline</variable>
                    <term>average_low</term>
                </clause>
            </antecedent>
            <consequent>
                <then>
                    <clause>
                        <variable>Class</variable>
                        <term>1.0</term>
                    </clause>
                </then>
            </consequent>
        </rule>
        <rule name="rule28" andMethod="min" connector="and" weight="1.0">
            <antecedent>
                <clause>
                    <variable>Alcohol</variable>
                    <term>high</term>
                </clause>
                <clause>
                    <variable>flavanoids</variable>
                    <term>average_low</term>
                </clause>
                <clause>
                    <variable>Proline</variable>
                    <term>average_low</term>
                </clause>
            </antecedent>
            <consequent>
                <then>
                    <clause>
                        <variable>Class</variable>
                        <term>1.0</term>
                    </clause>
                </then>
            </consequent>
        </rule>
        <rule name="rule29" andMethod="min" connector="and" weight="1.0">
            <antecedent>
                <clause>
                    <variable>flavanoids</variable>
                    <term>average_low</term>
                </clause>
                <clause>
                    <variable>Proanthocyanins</variable>
                    <term>low</term>
                </clause>
                <clause>
                    <variable>Proline</variable>
                    <term>average_high</term>
                </clause>
            </antecedent>
            <consequent>
                <then>
                    <clause>
                        <variable>Class</variable>
                        <term>1.0</term>
                    </clause>
                </then>
            </consequent>
        </rule>
        <rule name="rule30" andMethod="min" connector="and" weight="1.0">
            <antecedent>
                <clause>
                    <variable>flavanoids</variable>
                    <term>average_low</term>
                </clause>
                <clause>
                    <variable>Proanthocyanins</variable>
                    <term>average_low</term>
                </clause>
                <clause>
                    <variable>Proline</variable>
                    <term>average_high</term>
                </clause>
            </antecedent>
            <consequent>
                <then>
                    <clause>
                        <variable>Class</variable>
                        <term>1.0</term>
                    </clause>
                </then>
            </consequent>
        </rule>
        <rule name="rule31" andMethod="min" connector="and" weight="1.0">
            <antecedent>
                <clause>
                    <variable>flavanoids</variable>
                    <term>average_low</term>
                </clause>
                <clause>
                    <variable>Proanthocyanins</variable>
                    <term>average_high</term>
                </clause>
                <clause>
                    <variable>Proline</variable>
                    <term>average_high</term>
                </clause>
            </antecedent>
            <consequent>
                <then>
                    <clause>
                        <variable>Class</variable>
                        <term>1.0</term>
                    </clause>
                </then>
            </consequent>
        </rule>
        <rule name="rule32" andMethod="min" connector="and" weight="1.0">
            <antecedent>
                <clause>
                    <variable>flavanoids</variable>
                    <term>average_low</term>
                </clause>
                <clause>
                    <variable>Proanthocyanins</variable>
                    <term>very_high</term>
                </clause>
                <clause>
                    <variable>Proline</variable>
                    <term>average_high</term>
                </clause>
            </antecedent>
            <consequent>
                <then>
                    <clause>
                        <variable>Class</variable>
                        <term>2.0</term>
                    </clause>
                </then>
            </consequent>
        </rule>
        <rule name="rule33" andMethod="min" connector="and" weight="1.0">
            <antecedent>
                <clause>
                    <variable>flavanoids</variable>
                    <term>average_low</term>
                </clause>
                <clause>
                    <variable>Proline</variable>
                    <term>high</term>
                </clause>
            </antecedent>
            <consequent>
                <then>
                    <clause>
                        <variable>Class</variable>
                        <term>1.0</term>
                    </clause>
                </then>
            </consequent>
        </rule>
        <rule name="rule34" andMethod="min" connector="and" weight="1.0">
            <antecedent>
                <clause>
                    <variable>flavanoids</variable>
                    <term>average_high</term>
                </clause>
                <clause>
                    <variable>Proline</variable>
                    <term>very_low</term>
                </clause>
            </antecedent>
            <consequent>
                <then>
                    <clause>
                        <variable>Class</variable>
                        <term>2.0</term>
                    </clause>
                </then>
            </consequent>
        </rule>
        <rule name="rule35" andMethod="min" connector="and" weight="1.0">
            <antecedent>
                <clause>
                    <variable>Magnesium</variable>
                    <term>very_low</term>
                </clause>
                <clause>
                    <variable>flavanoids</variable>
                    <term>average_high</term>
                </clause>
                <clause>
                    <variable>Proline</variable>
                    <term>low</term>
                </clause>
            </antecedent>
            <consequent>
                <then>
                    <clause>
                        <variable>Class</variable>
                        <term>2.0</term>
                    </clause>
                </then>
            </consequent>
        </rule>
        <rule name="rule36" andMethod="min" connector="and" weight="1.0">
            <antecedent>
                <clause>
                    <variable>Magnesium</variable>
                    <term>low</term>
                </clause>
                <clause>
                    <variable>flavanoids</variable>
                    <term>average_high</term>
                </clause>
                <clause>
                    <variable>Proline</variable>
                    <term>low</term>
                </clause>
            </antecedent>
            <consequent>
                <then>
                    <clause>
                        <variable>Class</variable>
                        <term>2.0</term>
                    </clause>
                </then>
            </consequent>
        </rule>
        <rule name="rule37" andMethod="min" connector="and" weight="1.0">
            <antecedent>
                <clause>
                    <variable>Magnesium</variable>
                    <term>average_low</term>
                </clause>
                <clause>
                    <variable>flavanoids</variable>
                    <term>average_high</term>
                </clause>
                <clause>
                    <variable>Proline</variable>
                    <term>low</term>
                </clause>
            </antecedent>
            <consequent>
                <then>
                    <clause>
                        <variable>Class</variable>
                        <term>1.0</term>
                    </clause>
                </then>
            </consequent>
        </rule>
        <rule name="rule38" andMethod="min" connector="and" weight="1.0">
            <antecedent>
                <clause>
                    <variable>Magnesium</variable>
                    <term>average_high</term>
                </clause>
                <clause>
                    <variable>flavanoids</variable>
                    <term>average_high</term>
                </clause>
                <clause>
                    <variable>Proline</variable>
                    <term>low</term>
                </clause>
            </antecedent>
            <consequent>
                <then>
                    <clause>
                        <variable>Class</variable>
                        <term>1.0</term>
                    </clause>
                </then>
            </consequent>
        </rule>
        <rule name="rule39" andMethod="min" connector="and" weight="1.0">
            <antecedent>
                <clause>
                    <variable>Magnesium</variable>
                    <term>high</term>
                </clause>
                <clause>
                    <variable>flavanoids</variable>
                    <term>average_high</term>
                </clause>
                <clause>
                    <variable>Proline</variable>
                    <term>low</term>
                </clause>
            </antecedent>
            <consequent>
                <then>
                    <clause>
                        <variable>Class</variable>
                        <term>1.0</term>
                    </clause>
                </then>
            </consequent>
        </rule>
        <rule name="rule40" andMethod="min" connector="and" weight="1.0">
            <antecedent>
                <clause>
                    <variable>flavanoids</variable>
                    <term>average_high</term>
                </clause>
                <clause>
                    <variable>Proline</variable>
                    <term>average_low</term>
                </clause>
            </antecedent>
            <consequent>
                <then>
                    <clause>
                        <variable>Class</variable>
                        <term>1.0</term>
                    </clause>
                </then>
            </consequent>
        </rule>
        <rule name="rule41" andMethod="min" connector="and" weight="1.0">
            <antecedent>
                <clause>
                    <variable>AlcalinityOfAsh</variable>
                    <term>very_low</term>
                </clause>
                <clause>
                    <variable>flavanoids</variable>
                    <term>average_high</term>
                </clause>
                <clause>
                    <variable>Proline</variable>
                    <term>average_high</term>
                </clause>
            </antecedent>
            <consequent>
                <then>
                    <clause>
                        <variable>Class</variable>
                        <term>1.0</term>
                    </clause>
                </then>
            </consequent>
        </rule>
        <rule name="rule42" andMethod="min" connector="and" weight="1.0">
            <antecedent>
                <clause>
                    <variable>AlcalinityOfAsh</variable>
                    <term>low</term>
                </clause>
                <clause>
                    <variable>flavanoids</variable>
                    <term>average_high</term>
                </clause>
                <clause>
                    <variable>Proline</variable>
                    <term>average_high</term>
                </clause>
            </antecedent>
            <consequent>
                <then>
                    <clause>
                        <variable>Class</variable>
                        <term>1.0</term>
                    </clause>
                </then>
            </consequent>
        </rule>
        <rule name="rule43" andMethod="min" connector="and" weight="1.0">
            <antecedent>
                <clause>
                    <variable>AlcalinityOfAsh</variable>
                    <term>average_low</term>
                </clause>
                <clause>
                    <variable>flavanoids</variable>
                    <term>average_high</term>
                </clause>
                <clause>
                    <variable>Proline</variable>
                    <term>average_high</term>
                </clause>
            </antecedent>
            <consequent>
                <then>
                    <clause>
                        <variable>Class</variable>
                        <term>1.0</term>
                    </clause>
                </then>
            </consequent>
        </rule>
        <rule name="rule44" andMethod="min" connector="and" weight="1.0">
            <antecedent>
                <clause>
                    <variable>AlcalinityOfAsh</variable>
                    <term>average_high</term>
                </clause>
                <clause>
                    <variable>flavanoids</variable>
                    <term>average_high</term>
                </clause>
                <clause>
                    <variable>Proline</variable>
                    <term>average_high</term>
                </clause>
            </antecedent>
            <consequent>
                <then>
                    <clause>
                        <variable>Class</variable>
                        <term>1.0</term>
                    </clause>
                </then>
            </consequent>
        </rule>
        <rule name="rule45" andMethod="min" connector="and" weight="1.0">
            <antecedent>
                <clause>
                    <variable>AlcalinityOfAsh</variable>
                    <term>high</term>
                </clause>
                <clause>
                    <variable>flavanoids</variable>
                    <term>average_high</term>
                </clause>
                <clause>
                    <variable>Proline</variable>
                    <term>average_high</term>
                </clause>
            </antecedent>
            <consequent>
                <then>
                    <clause>
                        <variable>Class</variable>
                        <term>1.0</term>
                    </clause>
                </then>
            </consequent>
        </rule>
        <rule name="rule46" andMethod="min" connector="and" weight="1.0">
            <antecedent>
                <clause>
                    <variable>AlcalinityOfAsh</variable>
                    <term>very_high</term>
                </clause>
                <clause>
                    <variable>flavanoids</variable>
                    <term>average_high</term>
                </clause>
                <clause>
                    <variable>Proline</variable>
                    <term>average_high</term>
                </clause>
            </antecedent>
            <consequent>
                <then>
                    <clause>
                        <variable>Class</variable>
                        <term>2.0</term>
                    </clause>
                </then>
            </consequent>
        </rule>
        <rule name="rule47" andMethod="min" connector="and" weight="1.0">
            <antecedent>
                <clause>
                    <variable>flavanoids</variable>
                    <term>average_high</term>
                </clause>
                <clause>
                    <variable>Proline</variable>
                    <term>high</term>
                </clause>
            </antecedent>
            <consequent>
                <then>
                    <clause>
                        <variable>Class</variable>
                        <term>1.0</term>
                    </clause>
                </then>
            </consequent>
        </rule>
        <rule name="rule48" andMethod="min" connector="and" weight="1.0">
            <antecedent>
                <clause>
                    <variable>flavanoids</variable>
                    <term>average_high</term>
                </clause>
                <clause>
                    <variable>Proline</variable>
                    <term>very_high</term>
                </clause>
            </antecedent>
            <consequent>
                <then>
                    <clause>
                        <variable>Class</variable>
                        <term>1.0</term>
                    </clause>
                </then>
            </consequent>
        </rule>
        <rule name="rule49" andMethod="min" connector="and" weight="1.0">
            <antecedent>
                <clause>
                    <variable>flavanoids</variable>
                    <term>high</term>
                </clause>
                <clause>
                    <variable>Proline</variable>
                    <term>very_low</term>
                </clause>
            </antecedent>
            <consequent>
                <then>
                    <clause>
                        <variable>Class</variable>
                        <term>2.0</term>
                    </clause>
                </then>
            </consequent>
        </rule>
        <rule name="rule50" andMethod="min" connector="and" weight="1.0">
            <antecedent>
                <clause>
                    <variable>flavanoids</variable>
                    <term>high</term>
                </clause>
                <clause>
                    <variable>Proline</variable>
                    <term>low</term>
                </clause>
            </antecedent>
            <consequent>
                <then>
                    <clause>
                        <variable>Class</variable>
                        <term>2.0</term>
                    </clause>
                </then>
            </consequent>
        </rule>
        <rule name="rule51" andMethod="min" connector="and" weight="1.0">
            <antecedent>
                <clause>
                    <variable>flavanoids</variable>
                    <term>high</term>
                </clause>
                <clause>
                    <variable>Proline</variable>
                    <term>average_low</term>
                </clause>
            </antecedent>
            <consequent>
                <then>
                    <clause>
                        <variable>Class</variable>
                        <term>1.0</term>
                    </clause>
                </then>
            </consequent>
        </rule>
        <rule name="rule52" andMethod="min" connector="and" weight="1.0">
            <antecedent>
                <clause>
                    <variable>flavanoids</variable>
                    <term>high</term>
                </clause>
                <clause>
                    <variable>Proline</variable>
                    <term>average_high</term>
                </clause>
            </antecedent>
            <consequent>
                <then>
                    <clause>
                        <variable>Class</variable>
                        <term>1.0</term>
                    </clause>
                </then>
            </consequent>
        </rule>
        <rule name="rule53" andMethod="min" connector="and" weight="1.0">
            <antecedent>
                <clause>
                    <variable>flavanoids</variable>
                    <term>high</term>
                </clause>
                <clause>
                    <variable>Proline</variable>
                    <term>high</term>
                </clause>
            </antecedent>
            <consequent>
                <then>
                    <clause>
                        <variable>Class</variable>
                        <term>1.0</term>
                    </clause>
                </then>
            </consequent>
        </rule>
        <rule name="rule54" andMethod="min" connector="and" weight="1.0">
            <antecedent>
                <clause>
                    <variable>flavanoids</variable>
                    <term>high</term>
                </clause>
                <clause>
                    <variable>Proline</variable>
                    <term>very_high</term>
                </clause>
            </antecedent>
            <consequent>
                <then>
                    <clause>
                        <variable>Class</variable>
                        <term>1.0</term>
                    </clause>
                </then>
            </consequent>
        </rule>
        <rule name="rule55" andMethod="min" connector="and" weight="1.0">
            <antecedent>
                <clause>
                    <variable>flavanoids</variable>
                    <term>very_high</term>
                </clause>
            </antecedent>
            <consequent>
                <then>
                    <clause>
                        <variable>Class</variable>
                        <term>2.0</term>
                    </clause>
                </then>
            </consequent>
        </rule>
    </mamdaniRuleBase>
</fuzzySystem>
