<?xml version="1.0" encoding="UTF-8" standalone="yes"?>
<fuzzySystem xmlns="http://www.ieee1855.org" name="wine">
    <knowledgeBase>
        <fuzzyVariable name="Alcohol" scale="" domainleft="11.03" domainright="14.83" type="input">
            <fuzzyTerm name="MF0" complement="false">
                <trapezoidShape param1="13.27" param2="13.28" param3="14.83" param4="14.83"/>
            </fuzzyTerm>
            <fuzzyTerm name="MF1" complement="false">
                <trapezoidShape param1="11.03" param2="11.03" param3="12.64" param4="12.85"/>
            </fuzzyTerm>
            <fuzzyTerm name="MF2" complement="false">
                <trapezoidShape param1="12.77" param2="12.84" param3="14.83" param4="14.83"/>
            </fuzzyTerm>
        </fuzzyVariable>
        <fuzzyVariable name="MalicAcid" scale="" domainleft="0.74" domainright="5.8" type="input"/>
        <fuzzyVariable name="Ash" scale="" domainleft="1.36" domainright="3.23" type="input"/>
        <fuzzyVariable name="AlcalinityOfAsh" scale="" domainleft="10.6" domainright="30.0" type="input">
            <fuzzyTerm name="MF0" complement="false">
                <trapezoidShape param1="10.6" param2="10.6" param3="21.0" param4="30.0"/>
            </fuzzyTerm>
        </fuzzyVariable>
        <fuzzyVariable name="Magnesium" scale="" domainleft="70.0" domainright="162.0" type="input">
            <fuzzyTerm name="MF0" complement="false">
                <trapezoidShape param1="70.0" param2="70.0" param3="87.0" param4="89.0"/>
            </fuzzyTerm>
        </fuzzyVariable>
        <fuzzyVariable name="TotalPhenols" scale="" domainleft="0.98" domainright="3.88" type="input"/>
        <fuzzyVariable name="flavanoids" scale="" domainleft="0.34" domainright="5.08" type="input">
            <fuzzyTerm name="MF0" complement="false">
                <trapezoidShape param1="2.27" param2="2.37" param3="5.08" param4="5.08"/>
            </fuzzyTerm>
            <fuzzyTerm name="MF1" complement="false">
                <trapezoidShape param1="0.92" param2="1.59" param3="5.08" param4="5.08"/>
            </fuzzyTerm>
            <fuzzyTerm name="MF2" complement="false">
                <trapezoidShape param1="1.36" param2="1.41" param3="5.08" param4="5.08"/>
            </fuzzyTerm>
            <fuzzyTerm name="MF3" complement="false">
                <trapezoidShape param1="0.34" param2="0.34" param3="0.92" param4="1.59"/>
            </fuzzyTerm>
        </fuzzyVariable>
        <fuzzyVariable name="NonflavanoidsPhenols" scale="" domainleft="0.13" domainright="0.66" type="input"/>
        <fuzzyVariable name="Proanthocyanins" scale="" domainleft="0.41" domainright="3.58" type="input"/>
        <fuzzyVariable name="ColorIntensity" scale="" domainleft="1.28" domainright="13.0" type="input">
            <fuzzyTerm name="MF0" complement="false">
                <trapezoidShape param1="1.28" param2="1.28" param3="3.8" param4="3.84"/>
            </fuzzyTerm>
        </fuzzyVariable>
        <fuzzyVariable name="Hue" scale="" domainleft="0.48" domainright="1.71" type="input">
            <fuzzyTerm name="MF0" complement="false">
                <trapezoidShape param1="0.48" param2="0.48" param3="0.81" param4="0.84"/>
            </fuzzyTerm>
        </fuzzyVariable>
        <fuzzyVariable name="OD280-OD315" scale="" domainleft="1.27" domainright="4.0" type="input">
            <fuzzyTerm name="MF0" complement="false">
                <trapezoidShape param1="1.27" param2="1.27" param3="2.11" param4="2.12"/>
            </fuzzyTerm>
        </fuzzyVariable>
        <fuzzyVariable name="Proline" scale="" domainleft="278.0" domainright="1680.0" type="input">
            <fuzzyTerm name="MF0" complement="false">
                <trapezoidShape param1="750.0" param2="760.0" param3="1680.0" param4="1680.0"/>
            </fuzzyTerm>
            <fuzzyTerm name="MF1" complement="false">
                <trapezoidShape param1="714.0" param2="735.0" param3="1680.0" param4="1680.0"/>
            </fuzzyTerm>
        </fuzzyVariable>
        <fuzzyVariable name="Class" scale="" domainleft="1.0" domainright="3.0" type="output" accumulation="MAX" defuzzifier="MOM" defaultValue="1.0">
            <fuzzyTerm name="Wine1" complement="false">
                <trapezoidShape param1="1.0" param2="1.0" param3="1.0" param4="2.0"/>
            </fuzzyTerm>
            <fuzzyTerm name="Wine2" complement="false">
                <triangularShape param1="1.0" param2="2.0" param3="3.0"/>
            </fuzzyTerm>
            <fuzzyTerm name="Wine3" complement="false">
                <trapezoidShape param1="2.0" param2="3.0" param3="3.0" param4="3.0"/>
            </fuzzyTerm>
        </fuzzyVariable>
    </knowledgeBase>
    <mamdaniRuleBase name="rulebase-wine" activationMethod="MIN" andMethod="MIN" orMethod="MAX">
        <rule name="rule1" andMethod="MIN" connector="and" weight="1.0">
            <antecedent>
                <clause>
                    <variable>Proline</variable>
                    <term>MF0</term>
                </clause>
                <clause>
                    <variable>Alcohol</variable>
                    <term>MF0</term>
                </clause>
            </antecedent>
            <consequent>
                <then>
                    <clause>
                        <variable>Class</variable>
                        <term>Wine1</term>
                    </clause>
                </then>
            </consequent>
        </rule>
        <rule name="rule2" andMethod="MIN" connector="and" weight="1.0">
            <antecedent>
                <clause>
                    <variable>AlcalinityOfAsh</variable>
                    <term>MF0</term>
                </clause>
                <clause>
                    <variable>Proline</variable>
                    <term>MF1</term>
                </clause>
                <clause>
                    <variable>flavanoids</variable>
                    <term>MF0</term>
                </clause>
            </antecedent>
            <consequent>
                <then>
                    <clause>
                        <variable>Class</variable>
                        <term>Wine1</term>
                    </clause>
                </then>
            </consequent>
        </rule>
        <rule name="rule3" andMethod="MIN" connector="and" weight="1.0">
            <antecedent>
                <clause>
                    <variable>ColorIntensity</variable>
                    <term>MF0</term>
                </clause>
            </antecedent>
            <consequent>
                <then>
                    <clause>
                        <variable>Class</variable>
                        <term>Wine2</term>
                    </clause>
                </then>
            </consequent>
        </rule>
        <rule name="rule4" andMethod="MIN" connector="and" weight="1.0">
            <antecedent>
                <clause>
                    <variable>Magnesium</variable>
                    <term>MF0</term>
                </clause>
                <clause>
                    <variable>flavanoids</variable>
                    <term>MF1</term>
                </clause>
            </antecedent>
            <consequent>
                <then>
                    <clause>
                        <variable>Class</variable>
                        <term>Wine2</term>
                    </clause>
                </then>
            </consequent>
        </rule>
        <rule name="rule5" andMethod="MIN" connector="and" weight="1.0">
            <antecedent>
                <clause>
                    <variable>Alcohol</variable>
                    <term>MF1</term>
                </clause>
                <clause>
                    <variable>flavanoids</variable>
                    <term>MF2</term>
                </clause>
            </antecedent>
            <consequent>
                <then>
                    <clause>
                        <variable>Class</variable>
                        <term>Wine2</term>
                    </clause>
                </then>
            </consequent>
        </rule>
        <rule name="rule6" andMethod="MIN" connector="and" weight="1.0">
            <antecedent>
                <clause>
                    <variable>OD280-OD315</variable>
                    <term>MF0</term>
                </clause>
                <clause>
                    <variable>Hue</variable>
                    <term>MF0</term>
                </clause>
            </antecedent>
            <consequent>
                <then>
                    <clause>
                        <variable>Class</variable>
                        <term>Wine3</term>
                    </clause>
                </then>
            </consequent>
        </rule>
        <rule name="rule7" andMethod="MIN" connector="and" weight="1.0">
            <antecedent>
                <clause>
                    <variable>Alcohol</variable>
                    <term>MF2</term>
                </clause>
                <clause>
                    <variable>flavanoids</variable>
                    <term>MF3</term>
                </clause>
            </antecedent>
            <consequent>
                <then>
                    <clause>
                        <variable>Class</variable>
                        <term>Wine3</term>
                    </clause>
                </then>
            </consequent>
        </rule>
    </mamdaniRuleBase>
</fuzzySystem>
